trip_id,distance_km,segment_count,transfer_count,is_peak_hour,traffic_level,day_type,weather_condition,hour_block,cluster
TRIP_0001,8.1,3,1,1,high,sunday,clear,15-18,4
TRIP_0002,11.8,4,1,0,high,weekday,clear,09-12,0
TRIP_0003,2.7,1,0,0,high,weekday,clear,12-15,2
TRIP_0004,8.3,3,0,0,medium,weekday,rain,21-23,2
TRIP_0005,6.1,2,0,1,high,weekday,rain,15-18,1
TRIP_0006,9.9,4,1,1,high,weekday,clear,07-09,4
TRIP_0007,8.3,3,0,0,high,saturday,rain,09-12,2
TRIP_0008,4.5,2,1,1,high,weekday,clear,07-09,4
TRIP_0009,9.2,3,1,0,low,saturday,clear,09-12,0
TRIP_0010,11.8,4,1,1,high,weekday,clear,15-18,4
TRIP_0011,3.4,1,0,0,medium,weekday,clear,09-12,2
TRIP_0012,6.0,2,0,0,medium,weekday,clear,09-12,2
TRIP_0013,12.7,4,1,1,low,weekday,clear,18-21,4
TRIP_0014,9.5,2,1,0,medium,saturday,clear,09-12,0
TRIP_0015,8.7,2,0,1,high,weekday,heavy_rain,07-09,1
TRIP_0016,7.3,2,0,1,medium,saturday,clear,15-18,1
TRIP_0017,5.2,2,1,1,high,weekday,clear,07-09,4
TRIP_0018,5.2,2,1,0,medium,saturday,clear,09-12,0
TRIP_0019,5.2,1,0,0,medium,weekday,clear,05-07,2
TRIP_0020,8.7,2,0,1,medium,weekday,clear,18-21,1
TRIP_0021,13.4,3,0,0,low,sunday,rain,12-15,0
TRIP_0022,9.2,3,1,0,medium,weekday,clear,12-15,0
TRIP_0023,8.4,3,0,1,medium,sunday,clear,07-09,1
TRIP_0024,4.9,2,1,1,medium,weekday,rain,15-18,4
TRIP_0025,3.9,2,0,0,high,weekday,rain,09-12,2
TRIP_0026,6.0,2,0,0,high,weekday,clear,12-15,2
TRIP_0027,15.7,5,1,1,high,sunday,rain,18-21,3
TRIP_0028,8.3,3,0,1,medium,weekday,clear,15-18,1
TRIP_0029,6.0,2,0,1,medium,weekday,rain,07-09,1
TRIP_0030,8.5,3,1,0,high,weekday,rain,09-12,0
TRIP_0031,3.4,1,0,1,high,weekday,clear,07-09,1
TRIP_0032,13.4,3,0,1,high,weekday,rain,07-09,4
TRIP_0033,5.8,2,0,1,medium,weekday,clear,18-21,1
TRIP_0034,9.2,3,1,1,high,weekday,clear,18-21,4
TRIP_0035,8.7,2,0,0,medium,sunday,rain,12-15,2
TRIP_0036,8.5,3,1,1,high,weekday,rain,07-09,4
TRIP_0037,13.4,3,0,0,low,sunday,clear,12-15,0
TRIP_0038,18.6,5,1,0,low,sunday,clear,09-12,3
TRIP_0039,6.4,2,1,0,high,weekday,clear,12-15,0
TRIP_0040,9.5,3,1,1,medium,sunday,clear,07-09,4
TRIP_0041,15.7,5,1,0,medium,weekday,clear,05-07,3
TRIP_0042,8.1,3,1,1,medium,weekday,rain,18-21,4
TRIP_0043,6.7,2,1,0,medium,weekday,clear,05-07,0
TRIP_0044,18.6,5,1,1,high,weekday,clear,18-21,3
TRIP_0045,6.7,2,1,1,medium,saturday,rain,15-18,4
TRIP_0046,8.7,3,1,0,medium,sunday,clear,12-15,0
TRIP_0047,3.2,1,0,1,medium,weekday,clear,07-09,1
TRIP_0048,3.0,1,0,0,high,saturday,heavy_rain,09-12,2
TRIP_0049,8.7,3,1,1,high,sunday,rain,15-18,4
TRIP_0050,15.7,5,1,1,high,saturday,clear,07-09,3
TRIP_0051,4.0,1,0,0,low,saturday,rain,05-07,2
TRIP_0052,2.8,1,0,1,high,weekday,rain,15-18,1
TRIP_0053,18.6,5,1,0,medium,weekday,clear,12-15,3
TRIP_0054,11.0,3,1,0,low,weekday,rain,12-15,0
TRIP_0055,9.2,3,1,1,high,saturday,clear,15-18,4
TRIP_0056,8.5,3,1,0,low,weekday,clear,09-12,0
TRIP_0057,6.1,1,0,0,medium,saturday,rain,12-15,2
TRIP_0058,8.3,3,0,1,medium,sunday,heavy_rain,15-18,1
TRIP_0059,5.8,2,0,1,high,weekday,clear,15-18,1
TRIP_0060,12.5,4,1,0,high,weekday,clear,09-12,0
TRIP_0061,12.5,4,1,0,low,sunday,rain,09-12,0
TRIP_0062,4.0,1,0,0,low,sunday,clear,05-07,2
TRIP_0063,6.3,2,1,0,low,weekday,clear,05-07,0
TRIP_0064,3.9,2,0,1,high,weekday,rain,18-21,1
TRIP_0065,6.4,2,1,1,high,weekday,clear,07-09,4
TRIP_0066,3.4,1,0,1,high,saturday,clear,07-09,1
TRIP_0067,5.2,1,0,0,medium,weekday,rain,05-07,2
TRIP_0068,11.5,4,0,0,medium,weekday,clear,21-23,0
TRIP_0069,9.5,2,1,0,medium,sunday,clear,09-12,0
TRIP_0070,12.5,4,1,0,medium,weekday,clear,12-15,0
TRIP_0071,6.7,3,1,0,medium,weekday,clear,09-12,0
TRIP_0072,5.2,2,0,0,low,weekday,clear,12-15,2
TRIP_0073,3.0,1,0,0,medium,weekday,clear,12-15,2
TRIP_0074,7.9,3,0,0,medium,saturday,clear,12-15,2
TRIP_0075,9.5,3,1,1,high,weekday,clear,15-18,4
TRIP_0076,5.2,2,1,0,low,weekday,clear,09-12,0
TRIP_0077,6.7,2,1,1,medium,saturday,clear,18-21,4
TRIP_0078,6.7,2,1,0,medium,weekday,heavy_rain,21-23,0
TRIP_0079,5.8,2,0,0,medium,weekday,clear,05-07,2
TRIP_0080,8.7,2,0,0,high,sunday,rain,12-15,2
TRIP_0081,9.5,2,1,0,medium,weekday,rain,05-07,0
TRIP_0082,6.7,3,1,0,low,sunday,clear,05-07,0
TRIP_0083,9.5,3,1,0,high,weekday,clear,05-07,0
TRIP_0084,5.8,2,0,0,medium,weekday,clear,09-12,2
TRIP_0085,7.3,2,0,0,low,sunday,rain,12-15,2
TRIP_0086,11.8,4,1,0,medium,weekday,clear,12-15,0
TRIP_0087,3.2,1,0,0,medium,weekday,rain,05-07,2
TRIP_0088,8.7,2,0,1,high,weekday,clear,15-18,1
TRIP_0089,9.9,4,1,1,high,saturday,clear,18-21,4
TRIP_0090,5.2,2,1,0,medium,saturday,clear,09-12,0
TRIP_0091,9.5,3,1,1,high,weekday,rain,15-18,4
TRIP_0092,8.4,3,0,0,high,weekday,clear,21-23,2
TRIP_0093,6.7,2,1,0,high,weekday,rain,12-15,0
TRIP_0094,6.0,2,0,1,high,weekday,clear,07-09,1
TRIP_0095,11.5,4,0,1,medium,saturday,clear,18-21,4
TRIP_0096,3.9,2,0,1,medium,weekday,clear,15-18,1
TRIP_0097,11.9,3,1,1,high,weekday,clear,18-21,4
TRIP_0098,8.3,3,0,1,medium,sunday,clear,07-09,1
TRIP_0099,2.7,1,0,0,medium,weekday,clear,09-12,2
TRIP_0100,9.9,4,1,0,low,sunday,clear,12-15,0
TRIP_0101,2.4,1,0,1,medium,weekday,clear,15-18,1
TRIP_0102,12.7,4,1,0,low,weekday,rain,09-12,0
TRIP_0103,1.8,1,0,0,medium,saturday,clear,12-15,2
TRIP_0104,7.3,2,0,1,high,weekday,clear,18-21,1
TRIP_0105,9.5,2,1,0,high,weekday,clear,21-23,0
TRIP_0106,3.1,1,0,0,medium,weekday,clear,12-15,2
TRIP_0107,8.3,3,0,1,medium,sunday,clear,07-09,1
TRIP_0108,5.2,2,1,0,medium,weekday,clear,05-07,0
TRIP_0109,5.2,2,1,0,medium,weekday,clear,09-12,0
TRIP_0110,5.2,2,0,0,medium,weekday,clear,12-15,2
TRIP_0111,9.5,2,1,1,medium,sunday,clear,07-09,4
TRIP_0112,11.0,3,1,1,high,weekday,clear,18-21,4
TRIP_0113,6.7,2,1,1,low,weekday,rain,07-09,4
TRIP_0114,6.7,2,1,1,high,weekday,clear,07-09,4
TRIP_0115,12.5,4,1,0,medium,sunday,clear,12-15,0
TRIP_0116,4.3,1,0,0,medium,weekday,heavy_rain,12-15,2
TRIP_0117,6.7,3,1,0,medium,saturday,clear,12-15,0
TRIP_0118,8.1,3,1,0,medium,weekday,clear,05-07,0
TRIP_0119,8.4,3,0,1,medium,weekday,clear,18-21,1
TRIP_0120,5.2,1,0,0,low,weekday,clear,21-23,2
TRIP_0121,18.6,5,1,1,high,weekday,rain,18-21,3
TRIP_0122,2.4,1,0,0,high,weekday,clear,09-12,2
TRIP_0123,12.7,4,1,1,high,weekday,clear,18-21,4
TRIP_0124,6.1,2,0,0,high,saturday,rain,12-15,2
TRIP_0125,9.9,4,1,0,high,weekday,clear,09-12,0
TRIP_0126,3.5,1,0,0,low,weekday,clear,21-23,2
TRIP_0127,7.3,2,0,0,medium,sunday,clear,09-12,2
TRIP_0128,4.9,2,1,1,medium,sunday,clear,15-18,4
TRIP_0129,15.7,5,1,1,high,weekday,rain,15-18,3
TRIP_0130,4.5,2,1,0,high,weekday,clear,09-12,0
TRIP_0131,6.0,2,0,1,high,weekday,clear,07-09,1
TRIP_0132,11.5,4,0,0,high,weekday,rain,05-07,0
TRIP_0133,5.5,2,1,0,low,weekday,clear,12-15,0
TRIP_0134,2.8,1,0,0,low,weekday,clear,12-15,2
TRIP_0135,4.5,2,1,0,high,sunday,heavy_rain,21-23,0
TRIP_0136,2.7,1,0,0,high,weekday,clear,12-15,2
TRIP_0137,12.2,3,1,1,high,weekday,rain,07-09,4
TRIP_0138,3.5,1,0,0,medium,weekday,rain,09-12,2
TRIP_0139,9.1,2,0,1,high,sunday,clear,07-09,1
TRIP_0140,8.7,2,0,1,high,weekday,clear,07-09,1
TRIP_0141,6.1,1,0,1,high,weekday,heavy_rain,07-09,1
TRIP_0142,2.4,1,0,0,medium,weekday,clear,12-15,2
TRIP_0143,5.2,2,0,0,medium,weekday,clear,21-23,2
TRIP_0144,6.7,3,1,1,high,weekday,rain,07-09,4
TRIP_0145,15.7,5,1,1,high,weekday,heavy_rain,07-09,3
TRIP_0146,7.4,2,1,1,low,weekday,clear,18-21,4
TRIP_0147,8.1,3,1,1,high,saturday,clear,15-18,4
TRIP_0148,13.4,3,0,0,low,weekday,clear,21-23,0
TRIP_0149,3.5,1,0,0,medium,weekday,rain,09-12,2
TRIP_0150,3.5,1,0,0,high,weekday,clear,12-15,2
TRIP_0151,15.8,4,1,0,medium,sunday,clear,05-07,3
TRIP_0152,5.8,2,0,1,high,weekday,clear,18-21,1
TRIP_0153,9.5,2,1,1,high,weekday,clear,18-21,4
TRIP_0154,5.2,1,0,1,high,weekday,clear,07-09,1
TRIP_0155,5.2,1,0,1,high,weekday,rain,07-09,1
TRIP_0156,9.9,4,1,1,medium,weekday,clear,07-09,4
TRIP_0157,6.7,2,1,0,low,saturday,clear,21-23,0
TRIP_0158,8.4,3,0,1,medium,weekday,clear,15-18,1
TRIP_0159,7.3,2,0,0,low,sunday,clear,09-12,2
TRIP_0160,1.8,1,0,1,high,weekday,rain,18-21,1
TRIP_0161,6.7,2,1,0,low,saturday,clear,12-15,0
TRIP_0162,5.2,1,0,0,low,weekday,clear,12-15,2
TRIP_0163,6.3,3,1,0,high,weekday,rain,09-12,0
TRIP_0164,3.5,1,0,0,low,weekday,heavy_rain,09-12,2
TRIP_0165,15.7,5,1,0,low,sunday,clear,21-23,3
TRIP_0166,15.8,4,1,1,high,sunday,clear,15-18,3
TRIP_0167,12.5,4,1,1,high,weekday,clear,15-18,4
TRIP_0168,18.6,5,1,0,medium,saturday,clear,21-23,3
TRIP_0169,6.0,2,0,1,high,weekday,rain,15-18,1
TRIP_0170,8.5,3,1,1,high,saturday,clear,18-21,4
TRIP_0171,5.2,2,0,0,low,weekday,clear,05-07,2
TRIP_0172,6.4,2,1,1,medium,weekday,clear,18-21,4
TRIP_0173,8.4,3,0,1,medium,weekday,clear,18-21,1
TRIP_0174,13.4,3,0,1,medium,weekday,clear,15-18,4
TRIP_0175,5.2,1,0,1,medium,saturday,clear,07-09,1
TRIP_0176,8.1,3,1,1,medium,sunday,clear,07-09,4
TRIP_0177,5.5,2,0,1,medium,sunday,clear,18-21,1
TRIP_0178,6.3,3,1,0,medium,weekday,rain,12-15,0
TRIP_0179,4.0,1,0,0,high,weekday,rain,09-12,2
TRIP_0180,12.5,4,1,0,medium,weekday,clear,12-15,0
TRIP_0181,8.1,3,1,1,medium,weekday,clear,18-21,4
TRIP_0182,3.2,1,0,1,medium,weekday,clear,18-21,1
TRIP_0183,5.5,2,1,0,medium,weekday,clear,05-07,0
TRIP_0184,11.9,3,1,0,low,sunday,clear,09-12,0
TRIP_0185,4.3,1,0,1,medium,weekday,rain,18-21,1
TRIP_0186,21.8,6,1,1,high,weekday,rain,07-09,3
TRIP_0187,5.2,2,1,0,medium,weekday,heavy_rain,09-12,0
TRIP_0188,3.9,2,0,0,medium,weekday,heavy_rain,12-15,2
TRIP_0189,1.8,1,0,0,low,weekday,clear,09-12,2
TRIP_0190,11.9,3,1,0,high,weekday,clear,09-12,0
TRIP_0191,8.7,3,1,0,medium,weekday,clear,09-12,0
TRIP_0192,13.4,3,0,0,low,weekday,clear,09-12,0
TRIP_0193,4.3,1,0,0,low,weekday,rain,12-15,2
TRIP_0194,18.6,5,1,1,high,weekday,clear,18-21,3
TRIP_0195,9.9,4,1,0,medium,saturday,clear,12-15,0
TRIP_0196,6.0,2,0,0,medium,weekday,rain,05-07,2
TRIP_0197,4.5,2,1,1,high,weekday,rain,07-09,4
TRIP_0198,15.8,4,1,1,high,sunday,clear,18-21,3
TRIP_0199,12.2,3,1,0,high,saturday,clear,12-15,0
TRIP_0200,6.7,3,1,0,medium,weekday,clear,09-12,0
TRIP_0201,8.4,3,0,0,low,sunday,clear,05-07,2
TRIP_0202,13.4,3,0,0,low,saturday,clear,09-12,0
TRIP_0203,5.5,2,1,0,high,weekday,clear,09-12,0
TRIP_0204,2.1,1,0,1,high,weekday,rain,15-18,1
TRIP_0205,6.7,3,1,0,high,weekday,heavy_rain,12-15,0
TRIP_0206,6.3,2,1,0,medium,sunday,rain,05-07,0
TRIP_0207,8.4,3,0,0,medium,weekday,rain,12-15,2
TRIP_0208,6.0,2,0,1,high,weekday,clear,07-09,1
TRIP_0209,4.0,1,0,0,high,saturday,rain,21-23,2
TRIP_0210,13.4,3,0,0,low,sunday,clear,21-23,0
TRIP_0211,5.2,2,1,0,low,weekday,clear,09-12,0
TRIP_0212,9.2,3,1,0,low,weekday,clear,05-07,0
TRIP_0213,1.8,1,0,1,medium,weekday,heavy_rain,18-21,1
TRIP_0214,5.2,2,0,0,medium,weekday,rain,12-15,2
TRIP_0215,8.1,3,1,0,high,saturday,rain,12-15,0
TRIP_0216,9.5,3,1,1,high,weekday,clear,18-21,4
TRIP_0217,5.5,2,1,1,medium,weekday,clear,15-18,4
TRIP_0218,3.5,1,0,1,high,weekday,clear,07-09,1
TRIP_0219,5.2,2,1,0,low,weekday,clear,12-15,0
TRIP_0220,3.9,2,0,0,medium,weekday,heavy_rain,05-07,2
TRIP_0221,7.3,2,0,1,high,saturday,rain,15-18,1
TRIP_0222,6.0,2,0,0,medium,weekday,clear,09-12,2
TRIP_0223,8.5,3,1,0,medium,saturday,rain,12-15,0
TRIP_0224,8.5,3,1,1,high,weekday,clear,07-09,4
TRIP_0225,8.7,3,1,1,medium,sunday,clear,07-09,4
TRIP_0226,2.8,1,0,1,medium,saturday,clear,15-18,1
TRIP_0227,3.5,1,0,1,high,weekday,clear,07-09,1
TRIP_0228,7.3,2,0,1,high,saturday,rain,15-18,1
TRIP_0229,2.4,1,0,0,low,weekday,clear,12-15,2
TRIP_0230,2.4,1,0,1,medium,weekday,clear,07-09,1
TRIP_0231,2.1,1,0,0,medium,sunday,clear,12-15,2
TRIP_0232,4.5,2,1,0,low,saturday,clear,12-15,0
TRIP_0233,3.4,1,0,0,high,weekday,clear,12-15,2
TRIP_0234,7.9,3,0,0,medium,sunday,rain,21-23,2
TRIP_0235,3.5,1,0,0,medium,weekday,rain,12-15,2
TRIP_0236,13.4,3,0,0,medium,weekday,heavy_rain,05-07,0
TRIP_0237,3.2,1,0,1,medium,weekday,rain,07-09,1
TRIP_0238,3.5,1,0,1,high,saturday,clear,07-09,1
TRIP_0239,11.9,3,1,1,high,weekday,rain,07-09,4
TRIP_0240,9.2,2,1,0,low,weekday,heavy_rain,12-15,0
TRIP_0241,3.9,2,0,0,medium,saturday,clear,05-07,2
TRIP_0242,6.7,2,1,0,medium,weekday,rain,12-15,0
TRIP_0243,2.8,1,0,0,low,weekday,rain,09-12,2
TRIP_0244,8.1,3,1,1,high,weekday,clear,07-09,4
TRIP_0245,2.8,1,0,1,medium,sunday,clear,18-21,1
TRIP_0246,5.2,2,0,1,high,weekday,rain,07-09,1
TRIP_0247,6.7,3,1,1,high,weekday,clear,15-18,4
TRIP_0248,3.9,2,0,1,high,weekday,clear,18-21,1
TRIP_0249,7.9,3,0,1,medium,saturday,clear,18-21,1
TRIP_0250,15.8,4,1,1,medium,saturday,clear,15-18,3
TRIP_0251,8.7,3,1,0,medium,weekday,clear,12-15,0
TRIP_0252,6.3,2,1,0,medium,saturday,clear,12-15,0
TRIP_0253,6.7,2,1,0,medium,sunday,clear,21-23,0
TRIP_0254,12.7,4,1,1,high,weekday,clear,18-21,4
TRIP_0255,8.7,2,0,0,low,sunday,rain,09-12,2
TRIP_0256,10.3,4,1,1,high,weekday,clear,07-09,4
TRIP_0257,3.4,1,0,1,medium,weekday,clear,18-21,1
TRIP_0258,8.1,3,1,1,high,weekday,rain,18-21,4
TRIP_0259,2.7,1,0,0,medium,weekday,heavy_rain,05-07,2
TRIP_0260,5.5,2,0,0,medium,weekday,clear,12-15,2
TRIP_0261,9.9,4,1,0,high,weekday,clear,12-15,0
TRIP_0262,4.5,2,1,0,low,weekday,clear,05-07,0
TRIP_0263,9.5,3,1,1,high,weekday,clear,18-21,4
TRIP_0264,4.5,2,1,1,medium,weekday,clear,15-18,4
TRIP_0265,11.9,3,1,1,medium,saturday,clear,07-09,4
TRIP_0266,10.3,4,1,0,low,sunday,rain,05-07,0
TRIP_0267,9.2,3,1,0,low,sunday,clear,09-12,0
TRIP_0268,10.3,4,1,1,high,weekday,clear,07-09,4
TRIP_0269,6.1,2,0,0,low,weekday,rain,09-12,2
TRIP_0270,6.1,1,0,0,high,weekday,clear,12-15,2
TRIP_0271,3.5,1,0,0,medium,weekday,rain,12-15,2
TRIP_0272,8.5,3,1,0,medium,weekday,clear,05-07,0
TRIP_0273,6.0,2,0,1,high,weekday,clear,18-21,1
TRIP_0274,8.5,3,1,1,high,saturday,rain,07-09,4
TRIP_0275,6.1,2,0,1,medium,sunday,clear,07-09,1
TRIP_0276,9.9,4,1,1,high,weekday,rain,15-18,4
TRIP_0277,12.2,3,1,0,high,weekday,heavy_rain,09-12,0
TRIP_0278,9.5,2,1,0,medium,weekday,clear,09-12,0
TRIP_0279,11.8,4,1,0,low,weekday,clear,09-12,0
TRIP_0280,5.2,2,1,0,medium,saturday,clear,12-15,0
TRIP_0281,2.4,1,0,0,medium,weekday,clear,05-07,2
TRIP_0282,9.9,4,1,0,low,weekday,clear,09-12,0
TRIP_0283,8.7,2,0,1,high,weekday,rain,07-09,1
TRIP_0284,2.1,1,0,0,medium,saturday,heavy_rain,12-15,2
TRIP_0285,11.8,4,1,0,low,weekday,clear,09-12,0
TRIP_0286,15.8,4,1,1,high,weekday,rain,15-18,3
TRIP_0287,3.4,1,0,0,medium,weekday,clear,05-07,2
TRIP_0288,21.8,6,1,1,high,saturday,clear,18-21,3
TRIP_0289,4.3,1,0,1,high,weekday,heavy_rain,15-18,1
TRIP_0290,3.9,2,0,1,high,weekday,clear,18-21,1
TRIP_0291,8.7,2,0,1,high,weekday,rain,15-18,1
TRIP_0292,7.3,2,0,0,low,saturday,clear,09-12,2
TRIP_0293,4.0,1,0,1,high,saturday,rain,07-09,1
TRIP_0294,6.3,2,1,1,high,sunday,clear,07-09,4
TRIP_0295,6.1,1,0,0,medium,saturday,clear,09-12,2
TRIP_0296,5.2,2,0,0,low,sunday,rain,12-15,2
TRIP_0297,4.3,1,0,1,medium,weekday,clear,18-21,1
TRIP_0298,6.3,2,1,1,medium,weekday,clear,07-09,4
TRIP_0299,8.4,3,0,0,medium,weekday,clear,12-15,2
TRIP_0300,11.5,4,0,0,medium,weekday,rain,09-12,0
TRIP_0301,6.7,2,1,0,medium,weekday,clear,12-15,0
TRIP_0302,4.9,2,1,0,medium,weekday,rain,12-15,0
TRIP_0303,6.7,2,1,0,low,weekday,clear,09-12,0
TRIP_0304,6.7,3,1,0,medium,weekday,rain,09-12,0
TRIP_0305,9.5,3,1,0,low,weekday,heavy_rain,05-07,0
TRIP_0306,15.7,5,1,1,high,weekday,clear,18-21,3
TRIP_0307,9.5,2,1,1,high,weekday,rain,07-09,4
TRIP_0308,1.8,1,0,0,medium,weekday,clear,09-12,2
TRIP_0309,5.2,1,0,1,medium,saturday,clear,07-09,1
TRIP_0310,12.5,4,1,1,medium,weekday,clear,18-21,4
TRIP_0311,7.4,2,1,1,high,weekday,clear,07-09,4
TRIP_0312,8.4,3,0,0,medium,sunday,clear,12-15,2
TRIP_0313,6.1,2,0,0,medium,weekday,clear,12-15,2
TRIP_0314,3.2,1,0,0,low,weekday,clear,05-07,2
TRIP_0315,8.1,3,1,0,medium,weekday,clear,09-12,0
TRIP_0316,4.3,1,0,1,high,weekday,rain,07-09,1
TRIP_0317,21.8,6,1,1,high,weekday,rain,15-18,3
TRIP_0318,5.5,2,1,1,high,saturday,clear,18-21,4
TRIP_0319,6.7,2,1,0,medium,weekday,rain,05-07,0
TRIP_0320,5.2,2,1,0,medium,weekday,clear,09-12,0
TRIP_0321,9.5,3,1,1,high,weekday,clear,18-21,4
TRIP_0322,8.7,3,1,1,medium,weekday,clear,07-09,4
TRIP_0323,9.2,3,1,1,high,weekday,clear,18-21,4
TRIP_0324,3.0,1,0,0,high,weekday,clear,12-15,2
TRIP_0325,4.5,2,1,1,high,sunday,clear,07-09,4
TRIP_0326,10.3,4,1,0,medium,weekday,clear,12-15,0
TRIP_0327,11.8,4,1,1,high,sunday,clear,07-09,4
TRIP_0328,3.0,1,0,0,high,weekday,clear,21-23,2
TRIP_0329,4.9,2,1,1,high,weekday,rain,07-09,4
TRIP_0330,3.1,1,0,1,medium,weekday,rain,07-09,1
TRIP_0331,8.5,3,1,1,high,weekday,clear,15-18,4
TRIP_0332,11.8,4,1,0,medium,weekday,clear,09-12,0
TRIP_0333,8.1,3,1,0,low,weekday,clear,09-12,0
TRIP_0334,3.1,1,0,0,medium,weekday,rain,12-15,2
TRIP_0335,6.7,2,1,1,medium,sunday,clear,15-18,4
TRIP_0336,6.1,1,0,0,low,weekday,clear,05-07,2
TRIP_0337,21.8,6,1,1,high,sunday,clear,15-18,3
TRIP_0338,12.7,4,1,1,medium,weekday,clear,18-21,4
TRIP_0339,5.2,1,0,1,medium,weekday,rain,18-21,1
TRIP_0340,6.7,2,1,0,medium,saturday,clear,12-15,0
TRIP_0341,6.7,2,1,1,high,weekday,heavy_rain,15-18,4
TRIP_0342,6.0,2,0,0,medium,weekday,clear,09-12,2
TRIP_0343,1.8,1,0,1,medium,weekday,clear,07-09,1
TRIP_0344,4.9,2,1,0,low,sunday,clear,05-07,0
TRIP_0345,7.3,2,0,1,high,sunday,clear,07-09,1
TRIP_0346,9.5,2,1,1,high,saturday,clear,07-09,4
TRIP_0347,2.7,1,0,0,low,weekday,clear,05-07,2
TRIP_0348,6.3,3,1,1,medium,weekday,rain,18-21,4
TRIP_0349,4.0,1,0,1,medium,sunday,clear,07-09,1
TRIP_0350,3.4,1,0,1,medium,sunday,rain,07-09,1
TRIP_0351,12.5,4,1,1,medium,saturday,clear,15-18,4
TRIP_0352,13.4,3,0,0,medium,weekday,clear,09-12,0
TRIP_0353,3.4,1,0,1,high,weekday,clear,07-09,1
TRIP_0354,8.3,3,0,1,medium,weekday,heavy_rain,15-18,1
TRIP_0355,3.2,1,0,1,low,weekday,clear,15-18,1
TRIP_0356,6.7,2,1,1,high,weekday,clear,07-09,4
TRIP_0357,6.3,2,1,1,high,sunday,clear,18-21,4
TRIP_0358,4.5,2,1,0,medium,saturday,clear,21-23,0
TRIP_0359,4.5,2,1,0,high,weekday,clear,12-15,0
TRIP_0360,2.8,1,0,1,low,weekday,clear,18-21,1
TRIP_0361,9.2,2,1,1,high,saturday,clear,18-21,4
TRIP_0362,9.2,2,1,1,high,weekday,clear,15-18,4
TRIP_0363,5.2,2,1,0,medium,weekday,clear,12-15,0
TRIP_0364,6.1,2,0,1,high,weekday,clear,15-18,1
TRIP_0365,9.5,2,1,0,low,weekday,clear,12-15,0
TRIP_0366,10.3,4,1,1,high,weekday,rain,07-09,4
TRIP_0367,4.0,1,0,1,high,weekday,clear,18-21,1
TRIP_0368,4.3,1,0,1,high,weekday,clear,07-09,1
TRIP_0369,3.9,2,0,1,high,weekday,clear,18-21,1
TRIP_0370,18.6,5,1,0,low,weekday,clear,21-23,3
TRIP_0371,3.0,1,0,1,low,weekday,clear,18-21,1
TRIP_0372,11.0,3,1,1,high,weekday,rain,18-21,4
TRIP_0373,3.4,1,0,0,high,weekday,clear,05-07,2
TRIP_0374,11.5,4,0,1,high,weekday,clear,07-09,4
TRIP_0375,5.2,1,0,1,high,weekday,rain,18-21,1
TRIP_0376,12.7,4,1,0,medium,saturday,clear,09-12,0
TRIP_0377,21.8,6,1,1,medium,weekday,clear,07-09,3
TRIP_0378,5.5,2,0,0,medium,weekday,clear,12-15,2
TRIP_0379,4.3,1,0,0,medium,saturday,clear,05-07,2
TRIP_0380,5.2,1,0,0,medium,saturday,clear,12-15,2
TRIP_0381,5.2,1,0,0,medium,weekday,clear,21-23,2
TRIP_0382,3.4,1,0,1,medium,weekday,rain,15-18,1
TRIP_0383,6.1,2,0,0,low,saturday,clear,05-07,2
TRIP_0384,2.7,1,0,0,high,weekday,rain,09-12,2
TRIP_0385,6.7,3,1,1,medium,weekday,clear,18-21,4
TRIP_0386,9.1,2,0,0,low,saturday,rain,09-12,2
TRIP_0387,6.1,2,0,1,high,weekday,clear,15-18,1
TRIP_0388,3.0,1,0,0,high,weekday,clear,12-15,2
TRIP_0389,9.2,2,1,0,high,sunday,clear,21-23,0
TRIP_0390,12.5,4,1,0,low,weekday,clear,09-12,0
TRIP_0391,9.5,2,1,0,medium,weekday,clear,12-15,0
TRIP_0392,2.1,1,0,1,high,saturday,clear,15-18,1
TRIP_0393,2.1,1,0,1,high,saturday,clear,15-18,1
TRIP_0394,12.5,4,1,0,medium,saturday,rain,09-12,0
TRIP_0395,6.3,2,1,0,medium,weekday,clear,09-12,0
TRIP_0396,2.7,1,0,0,medium,weekday,clear,12-15,2
TRIP_0397,3.1,1,0,0,high,weekday,clear,12-15,2
TRIP_0398,15.7,5,1,1,high,saturday,clear,18-21,3
TRIP_0399,6.3,2,1,0,medium,weekday,heavy_rain,12-15,0
TRIP_0400,6.7,2,1,1,medium,weekday,clear,18-21,4
TRIP_0401,1.8,1,0,0,medium,weekday,rain,09-12,2
TRIP_0402,5.2,2,1,1,medium,weekday,heavy_rain,15-18,4
TRIP_0403,6.0,2,0,0,low,weekday,heavy_rain,12-15,2
TRIP_0404,6.1,1,0,0,medium,weekday,clear,09-12,2
TRIP_0405,8.7,3,1,1,medium,weekday,clear,18-21,4
TRIP_0406,11.5,4,0,1,high,weekday,clear,07-09,4
TRIP_0407,6.7,2,1,1,high,sunday,rain,07-09,4
TRIP_0408,2.8,1,0,0,medium,weekday,clear,05-07,2
TRIP_0409,2.8,1,0,1,high,sunday,rain,15-18,1
TRIP_0410,9.1,2,0,1,low,sunday,clear,07-09,1
TRIP_0411,6.7,2,1,1,high,sunday,rain,07-09,4
TRIP_0412,2.1,1,0,1,medium,weekday,clear,15-18,1
TRIP_0413,12.5,4,1,0,medium,weekday,clear,09-12,0
TRIP_0414,3.5,1,0,0,low,sunday,rain,09-12,2
TRIP_0415,6.7,2,1,1,high,weekday,clear,15-18,4
TRIP_0416,2.7,1,0,0,low,weekday,clear,05-07,2
TRIP_0417,10.3,4,1,1,high,weekday,clear,07-09,4
TRIP_0418,11.5,4,0,0,high,weekday,clear,12-15,0
TRIP_0419,21.8,6,1,1,medium,sunday,clear,15-18,3
TRIP_0420,2.8,1,0,1,high,weekday,clear,18-21,1
TRIP_0421,6.1,2,0,0,medium,weekday,rain,05-07,2
TRIP_0422,6.3,2,1,1,high,weekday,clear,07-09,4
TRIP_0423,7.9,3,0,1,high,weekday,clear,18-21,1
TRIP_0424,9.2,3,1,0,medium,saturday,clear,09-12,0
TRIP_0425,12.2,3,1,1,high,weekday,clear,07-09,4
TRIP_0426,6.0,2,0,0,low,weekday,clear,05-07,2
TRIP_0427,18.6,5,1,0,low,weekday,clear,12-15,3
TRIP_0428,13.4,3,0,1,high,weekday,clear,07-09,4
TRIP_0429,8.7,3,1,0,medium,weekday,clear,21-23,0
TRIP_0430,3.5,1,0,1,medium,weekday,clear,15-18,1
TRIP_0431,6.3,3,1,0,high,sunday,clear,09-12,0
TRIP_0432,7.4,2,1,1,high,saturday,clear,07-09,4
TRIP_0433,13.4,3,0,1,high,weekday,clear,18-21,4
TRIP_0434,21.8,6,1,0,medium,saturday,clear,05-07,3
TRIP_0435,12.5,4,1,0,medium,saturday,clear,12-15,0
TRIP_0436,9.2,2,1,0,low,weekday,clear,05-07,0
TRIP_0437,5.2,2,1,1,medium,saturday,clear,07-09,4
TRIP_0438,3.4,1,0,1,medium,sunday,rain,07-09,1
TRIP_0439,1.8,1,0,1,medium,weekday,clear,07-09,1
TRIP_0440,4.9,2,1,0,medium,weekday,clear,12-15,0
TRIP_0441,18.6,5,1,1,high,weekday,clear,15-18,3
TRIP_0442,5.5,2,0,1,high,weekday,clear,15-18,1
TRIP_0443,4.5,2,1,0,low,weekday,clear,05-07,0
TRIP_0444,9.5,3,1,1,high,weekday,rain,15-18,4
TRIP_0445,9.5,2,1,1,medium,weekday,heavy_rain,07-09,4
TRIP_0446,9.2,3,1,1,high,weekday,clear,15-18,4
TRIP_0447,12.5,4,1,0,medium,saturday,rain,09-12,0
TRIP_0448,21.8,6,1,1,medium,saturday,clear,18-21,3
TRIP_0449,8.7,3,1,0,low,weekday,clear,09-12,0
TRIP_0450,15.7,5,1,1,medium,weekday,clear,15-18,3
TRIP_0451,9.5,3,1,0,medium,weekday,clear,05-07,0
TRIP_0452,7.9,3,0,0,high,saturday,rain,09-12,2
TRIP_0453,10.3,4,1,1,high,weekday,clear,18-21,4
TRIP_0454,4.0,1,0,0,low,weekday,clear,12-15,2
TRIP_0455,7.9,3,0,1,medium,weekday,clear,18-21,1
TRIP_0456,8.5,3,1,0,high,saturday,clear,09-12,0
TRIP_0457,8.1,3,1,0,low,weekday,clear,12-15,0
TRIP_0458,2.8,1,0,1,medium,saturday,clear,15-18,1
TRIP_0459,5.2,1,0,1,high,sunday,rain,18-21,1
TRIP_0460,12.5,4,1,0,low,weekday,clear,09-12,0
TRIP_0461,6.0,2,0,1,high,sunday,clear,15-18,1
TRIP_0462,6.0,2,0,1,high,weekday,clear,07-09,1
TRIP_0463,9.2,3,1,1,medium,saturday,clear,07-09,4
TRIP_0464,4.9,2,1,1,high,weekday,clear,07-09,4
TRIP_0465,6.7,3,1,0,medium,sunday,clear,05-07,0
TRIP_0466,12.7,4,1,0,high,weekday,clear,09-12,0
TRIP_0467,2.1,1,0,1,medium,saturday,rain,15-18,1
TRIP_0468,8.7,2,0,1,medium,weekday,clear,07-09,1
TRIP_0469,8.1,3,1,0,low,weekday,heavy_rain,21-23,0
TRIP_0470,9.9,4,1,0,low,saturday,clear,05-07,0
TRIP_0471,4.3,1,0,0,low,saturday,clear,21-23,2
TRIP_0472,5.2,1,0,0,low,weekday,rain,12-15,2
TRIP_0473,2.1,1,0,1,medium,weekday,rain,15-18,1
TRIP_0474,8.4,3,0,0,medium,weekday,clear,12-15,2
TRIP_0475,15.8,4,1,1,high,weekday,rain,18-21,3
TRIP_0476,3.5,1,0,0,low,sunday,clear,09-12,2
TRIP_0477,6.7,3,1,1,medium,saturday,clear,15-18,4
TRIP_0478,10.3,4,1,0,high,weekday,clear,09-12,0
TRIP_0479,8.7,3,1,1,high,saturday,clear,15-18,4
TRIP_0480,2.8,1,0,0,low,weekday,clear,12-15,2
TRIP_0481,7.4,2,1,0,medium,weekday,rain,09-12,0
TRIP_0482,4.5,2,1,0,high,weekday,clear,12-15,0
TRIP_0483,7.3,2,0,1,low,weekday,clear,07-09,1
TRIP_0484,6.7,3,1,0,low,weekday,clear,12-15,0
TRIP_0485,8.4,3,0,1,high,weekday,clear,07-09,1
TRIP_0486,7.3,2,0,0,medium,sunday,clear,12-15,2
TRIP_0487,9.5,2,1,0,medium,weekday,clear,09-12,0
TRIP_0488,15.7,5,1,1,high,weekday,clear,07-09,3
TRIP_0489,3.2,1,0,1,high,weekday,clear,15-18,1
TRIP_0490,11.5,4,0,0,low,saturday,clear,12-15,0
TRIP_0491,7.3,2,0,1,low,sunday,clear,15-18,1
TRIP_0492,5.5,2,1,1,high,weekday,rain,18-21,4
TRIP_0493,3.1,1,0,1,medium,saturday,clear,07-09,1
TRIP_0494,12.7,4,1,1,high,saturday,clear,18-21,4
TRIP_0495,6.7,3,1,1,low,weekday,clear,18-21,4
TRIP_0496,3.0,1,0,0,medium,weekday,rain,12-15,2
TRIP_0497,5.5,2,0,1,high,weekday,clear,07-09,1
TRIP_0498,4.9,2,1,0,low,saturday,clear,09-12,0
TRIP_0499,8.4,3,0,0,medium,weekday,clear,12-15,2
TRIP_0500,5.2,2,1,0,medium,weekday,clear,12-15,0
TRIP_0501,8.5,3,1,1,high,weekday,clear,18-21,4
TRIP_0502,12.2,3,1,1,high,weekday,clear,18-21,4
TRIP_0503,8.3,3,0,0,medium,sunday,clear,12-15,2
TRIP_0504,8.3,3,0,1,medium,weekday,heavy_rain,15-18,1
TRIP_0505,6.4,2,1,1,low,weekday,clear,15-18,4
TRIP_0506,15.7,5,1,1,high,sunday,rain,18-21,3
TRIP_0507,9.5,2,1,1,low,weekday,clear,07-09,4
TRIP_0508,8.7,2,0,1,high,weekday,clear,15-18,1
TRIP_0509,6.1,2,0,1,medium,weekday,clear,07-09,1
TRIP_0510,5.2,1,0,0,high,saturday,clear,12-15,2
TRIP_0511,18.6,5,1,0,low,weekday,clear,05-07,3
TRIP_0512,8.4,3,0,1,high,weekday,clear,18-21,1
TRIP_0513,2.4,1,0,0,low,saturday,clear,12-15,2
TRIP_0514,5.8,2,0,1,high,sunday,clear,18-21,1
TRIP_0515,3.4,1,0,1,high,weekday,rain,15-18,1
TRIP_0516,15.7,5,1,0,low,sunday,clear,09-12,3
TRIP_0517,12.2,3,1,1,high,saturday,rain,18-21,4
TRIP_0518,7.4,2,1,0,medium,saturday,clear,12-15,0
TRIP_0519,8.7,3,1,0,high,weekday,clear,12-15,0
TRIP_0520,5.5,2,0,1,high,saturday,rain,15-18,1
TRIP_0521,2.7,1,0,1,high,weekday,clear,15-18,1
TRIP_0522,6.1,1,0,1,high,saturday,heavy_rain,07-09,1
TRIP_0523,6.7,2,1,0,medium,saturday,clear,12-15,0
TRIP_0524,8.7,2,0,0,low,weekday,clear,09-12,2
TRIP_0525,5.2,2,1,0,medium,weekday,clear,12-15,0
TRIP_0526,11.9,3,1,1,high,weekday,clear,07-09,4
TRIP_0527,5.2,2,1,0,high,weekday,clear,12-15,0
TRIP_0528,6.7,2,1,0,low,sunday,clear,12-15,0
TRIP_0529,8.1,3,1,1,high,sunday,clear,15-18,4
TRIP_0530,15.7,5,1,0,high,weekday,rain,21-23,3
TRIP_0531,2.4,1,0,0,medium,weekday,clear,09-12,2
TRIP_0532,4.9,2,1,0,medium,saturday,rain,05-07,0
TRIP_0533,7.9,3,0,1,high,sunday,clear,18-21,1
TRIP_0534,3.1,1,0,1,low,weekday,clear,18-21,1
TRIP_0535,9.2,2,1,0,medium,weekday,clear,09-12,0
TRIP_0536,5.2,2,1,1,medium,weekday,clear,07-09,4
TRIP_0537,10.3,4,1,1,high,weekday,clear,18-21,4
TRIP_0538,3.1,1,0,0,low,weekday,clear,21-23,2
TRIP_0539,6.7,3,1,1,high,weekday,clear,18-21,4
TRIP_0540,7.9,3,0,0,low,sunday,clear,12-15,2
TRIP_0541,9.5,2,1,0,low,saturday,clear,12-15,0
TRIP_0542,7.9,3,0,1,medium,weekday,clear,15-18,1
TRIP_0543,4.5,2,1,0,medium,weekday,clear,09-12,0
TRIP_0544,13.4,3,0,1,medium,weekday,clear,18-21,4
TRIP_0545,5.2,2,1,0,low,weekday,clear,09-12,0
TRIP_0546,8.7,2,0,0,medium,weekday,clear,12-15,2
TRIP_0547,9.2,2,1,1,high,weekday,clear,07-09,4
TRIP_0548,4.3,1,0,1,medium,weekday,clear,07-09,1
TRIP_0549,11.8,4,1,0,medium,weekday,clear,05-07,0
TRIP_0550,4.3,1,0,0,low,weekday,rain,09-12,2
TRIP_0551,12.7,4,1,1,high,weekday,clear,07-09,4
TRIP_0552,11.0,3,1,0,high,saturday,rain,21-23,0
TRIP_0553,2.7,1,0,1,high,saturday,clear,18-21,1
TRIP_0554,4.0,1,0,1,medium,saturday,heavy_rain,15-18,1
TRIP_0555,8.3,3,0,1,high,sunday,clear,18-21,1
TRIP_0556,5.5,2,1,0,low,saturday,clear,09-12,0
TRIP_0557,3.2,1,0,1,medium,weekday,clear,18-21,1
TRIP_0558,8.3,3,0,0,low,weekday,clear,09-12,2
TRIP_0559,2.8,1,0,0,low,weekday,clear,05-07,2
TRIP_0560,5.5,2,0,1,high,weekday,heavy_rain,18-21,1
TRIP_0561,9.2,3,1,1,high,weekday,clear,15-18,4
TRIP_0562,8.7,2,0,1,high,sunday,clear,07-09,1
TRIP_0563,9.5,2,1,1,medium,weekday,clear,15-18,4
TRIP_0564,4.9,2,1,1,high,weekday,rain,15-18,4
TRIP_0565,18.6,5,1,0,low,weekday,clear,09-12,3
TRIP_0566,8.5,3,1,1,medium,sunday,clear,15-18,4
TRIP_0567,15.8,4,1,0,low,weekday,clear,09-12,3
TRIP_0568,9.2,2,1,0,medium,weekday,clear,12-15,0
TRIP_0569,8.7,3,1,1,high,weekday,clear,18-21,4
TRIP_0570,11.8,4,1,0,low,weekday,clear,09-12,0
TRIP_0571,3.0,1,0,1,high,saturday,clear,15-18,1
TRIP_0572,11.8,4,1,0,low,weekday,clear,09-12,0
TRIP_0573,4.0,1,0,1,high,weekday,rain,07-09,1
TRIP_0574,11.5,4,0,1,high,weekday,clear,15-18,4
TRIP_0575,7.3,2,0,1,medium,weekday,clear,15-18,1
TRIP_0576,9.5,3,1,0,high,sunday,clear,09-12,0
TRIP_0577,4.9,2,1,1,high,saturday,clear,18-21,4
TRIP_0578,9.1,2,0,1,high,sunday,clear,07-09,1
TRIP_0579,11.0,3,1,1,medium,sunday,clear,15-18,4
TRIP_0580,15.8,4,1,1,medium,saturday,clear,15-18,3
TRIP_0581,9.5,3,1,0,low,sunday,rain,12-15,0
TRIP_0582,9.2,2,1,0,medium,weekday,clear,09-12,0
TRIP_0583,2.7,1,0,1,high,weekday,clear,18-21,1
TRIP_0584,13.4,3,0,1,high,saturday,rain,07-09,4
TRIP_0585,5.5,2,1,0,medium,weekday,clear,12-15,0
TRIP_0586,6.1,2,0,1,high,weekday,clear,07-09,1
TRIP_0587,2.8,1,0,0,medium,weekday,rain,05-07,2
TRIP_0588,4.3,1,0,0,high,saturday,clear,05-07,2
TRIP_0589,9.2,2,1,0,medium,weekday,clear,09-12,0
TRIP_0590,4.5,2,1,1,medium,weekday,clear,07-09,4
TRIP_0591,21.8,6,1,1,medium,weekday,clear,07-09,3
TRIP_0592,8.7,2,0,0,medium,weekday,clear,05-07,2
TRIP_0593,15.7,5,1,1,high,weekday,clear,07-09,3
TRIP_0594,6.4,2,1,0,low,weekday,clear,09-12,0
TRIP_0595,4.5,2,1,1,medium,weekday,clear,07-09,4
TRIP_0596,5.5,2,0,0,low,weekday,clear,12-15,2
TRIP_0597,7.3,2,0,1,high,weekday,clear,18-21,1
TRIP_0598,10.3,4,1,1,medium,weekday,clear,15-18,4
TRIP_0599,6.1,2,0,1,high,saturday,clear,18-21,1
TRIP_0600,4.0,1,0,1,medium,weekday,clear,15-18,1
TRIP_0601,9.2,3,1,0,low,sunday,rain,09-12,0
TRIP_0602,8.7,2,0,1,medium,weekday,clear,07-09,1
TRIP_0603,9.9,4,1,1,medium,sunday,clear,15-18,4
TRIP_0604,6.3,3,1,0,high,sunday,rain,09-12,0
TRIP_0605,4.5,2,1,1,medium,weekday,rain,07-09,4
TRIP_0606,9.2,2,1,1,medium,weekday,clear,15-18,4
TRIP_0607,4.9,2,1,0,medium,weekday,clear,12-15,0
TRIP_0608,4.3,1,0,0,medium,weekday,rain,12-15,2
TRIP_0609,3.5,1,0,1,high,weekday,rain,07-09,1
TRIP_0610,2.8,1,0,1,high,weekday,clear,15-18,1
TRIP_0611,10.3,4,1,0,low,weekday,rain,09-12,0
TRIP_0612,6.7,2,1,0,medium,weekday,rain,09-12,0
TRIP_0613,4.5,2,1,0,medium,weekday,rain,12-15,0
TRIP_0614,5.2,1,0,0,medium,weekday,clear,21-23,2
TRIP_0615,9.5,2,1,1,high,saturday,clear,15-18,4
TRIP_0616,2.7,1,0,1,high,weekday,clear,18-21,1
TRIP_0617,21.8,6,1,0,low,weekday,clear,12-15,3
TRIP_0618,8.1,3,1,1,medium,weekday,clear,07-09,4
TRIP_0619,11.5,4,0,0,medium,weekday,clear,09-12,0
TRIP_0620,5.2,2,1,1,medium,weekday,clear,07-09,4
TRIP_0621,8.5,3,1,1,medium,sunday,heavy_rain,15-18,4
TRIP_0622,18.6,5,1,1,high,sunday,rain,15-18,3
TRIP_0623,7.3,2,0,1,low,saturday,clear,07-09,1
TRIP_0624,3.9,2,0,0,low,saturday,rain,12-15,2
TRIP_0625,6.7,3,1,1,high,weekday,clear,07-09,4
TRIP_0626,4.9,2,1,1,low,saturday,clear,15-18,4
TRIP_0627,6.3,2,1,0,medium,weekday,clear,09-12,0
TRIP_0628,11.9,3,1,0,low,weekday,clear,21-23,0
TRIP_0629,11.8,4,1,1,medium,weekday,clear,18-21,4
TRIP_0630,8.3,3,0,0,medium,sunday,rain,05-07,2
TRIP_0631,15.8,4,1,0,medium,sunday,clear,12-15,3
TRIP_0632,8.3,3,0,1,high,weekday,clear,15-18,1
TRIP_0633,3.9,2,0,1,high,weekday,clear,07-09,1
TRIP_0634,8.1,3,1,1,high,sunday,heavy_rain,07-09,4
TRIP_0635,6.1,1,0,0,high,saturday,clear,12-15,2
TRIP_0636,8.1,3,1,1,medium,weekday,rain,18-21,4
TRIP_0637,10.3,4,1,0,low,weekday,clear,09-12,0
TRIP_0638,6.7,3,1,0,low,weekday,clear,21-23,0
TRIP_0639,3.9,2,0,1,medium,weekday,clear,18-21,1
TRIP_0640,5.8,2,0,0,low,saturday,clear,21-23,2
TRIP_0641,12.2,3,1,1,high,sunday,clear,15-18,4
TRIP_0642,4.5,2,1,0,medium,weekday,rain,12-15,0
TRIP_0643,11.8,4,1,0,low,weekday,clear,12-15,0
TRIP_0644,4.5,2,1,1,medium,saturday,rain,18-21,4
TRIP_0645,8.4,3,0,0,low,sunday,clear,05-07,2
TRIP_0646,6.1,1,0,1,medium,weekday,clear,07-09,1
TRIP_0647,4.3,1,0,0,low,sunday,rain,12-15,2
TRIP_0648,21.8,6,1,0,medium,saturday,clear,21-23,3
TRIP_0649,11.0,3,1,1,high,weekday,heavy_rain,15-18,4
TRIP_0650,6.1,2,0,0,low,weekday,clear,09-12,2
TRIP_0651,18.6,5,1,1,medium,weekday,clear,07-09,3
TRIP_0652,6.0,2,0,1,high,weekday,clear,07-09,1
TRIP_0653,6.1,1,0,1,medium,weekday,clear,15-18,1
TRIP_0654,15.8,4,1,0,medium,weekday,clear,09-12,3
TRIP_0655,4.0,1,0,1,medium,saturday,clear,15-18,1
TRIP_0656,5.8,2,0,1,medium,weekday,clear,18-21,1
TRIP_0657,9.2,2,1,1,high,weekday,rain,07-09,4
TRIP_0658,8.4,3,0,1,medium,weekday,clear,07-09,1
TRIP_0659,7.3,2,0,1,low,weekday,clear,07-09,1
TRIP_0660,9.2,2,1,0,high,weekday,clear,12-15,0
TRIP_0661,4.5,2,1,0,high,weekday,clear,05-07,0
TRIP_0662,18.6,5,1,0,low,weekday,clear,12-15,3
TRIP_0663,6.1,1,0,1,medium,weekday,clear,15-18,1
TRIP_0664,6.7,2,1,0,high,weekday,clear,09-12,0
TRIP_0665,4.9,2,1,0,high,weekday,clear,21-23,0
TRIP_0666,3.2,1,0,0,medium,weekday,clear,12-15,2
TRIP_0667,5.8,2,0,1,medium,weekday,rain,15-18,1
TRIP_0668,4.0,1,0,1,high,saturday,clear,07-09,1
TRIP_0669,1.8,1,0,1,high,weekday,clear,07-09,1
TRIP_0670,3.9,2,0,0,medium,saturday,clear,05-07,2
TRIP_0671,3.2,1,0,1,high,weekday,rain,07-09,1
TRIP_0672,2.7,1,0,1,medium,sunday,clear,07-09,1
TRIP_0673,4.5,2,1,0,medium,weekday,clear,05-07,0
TRIP_0674,11.8,4,1,1,medium,weekday,clear,15-18,4
TRIP_0675,5.8,2,0,0,low,weekday,clear,12-15,2
TRIP_0676,7.3,2,0,0,low,weekday,clear,09-12,2
TRIP_0677,9.2,3,1,0,medium,weekday,clear,21-23,0
TRIP_0678,2.4,1,0,0,low,saturday,clear,05-07,2
TRIP_0679,6.4,2,1,1,medium,weekday,heavy_rain,15-18,4
TRIP_0680,4.0,1,0,1,medium,weekday,rain,15-18,1
TRIP_0681,5.2,2,0,0,low,weekday,rain,09-12,2
TRIP_0682,9.9,4,1,1,high,weekday,rain,15-18,4
TRIP_0683,3.4,1,0,1,medium,sunday,rain,15-18,1
TRIP_0684,3.0,1,0,1,high,weekday,heavy_rain,07-09,1
TRIP_0685,6.3,3,1,1,high,weekday,heavy_rain,18-21,4
TRIP_0686,11.8,4,1,1,high,sunday,clear,07-09,4
TRIP_0687,3.1,1,0,0,low,weekday,clear,09-12,2
TRIP_0688,7.9,3,0,1,high,weekday,clear,18-21,1
TRIP_0689,4.5,2,1,1,medium,weekday,clear,07-09,4
TRIP_0690,6.3,2,1,0,low,weekday,clear,09-12,0
TRIP_0691,15.8,4,1,0,high,weekday,clear,05-07,3
TRIP_0692,6.0,2,0,0,high,weekday,rain,12-15,2
TRIP_0693,8.7,2,0,1,high,sunday,clear,18-21,1
TRIP_0694,3.1,1,0,0,low,sunday,clear,09-12,2
TRIP_0695,5.8,2,0,1,medium,sunday,clear,07-09,1
TRIP_0696,6.3,3,1,1,medium,saturday,clear,07-09,4
TRIP_0697,9.2,2,1,1,high,weekday,rain,15-18,4
TRIP_0698,9.9,4,1,1,high,weekday,clear,18-21,4
TRIP_0699,11.8,4,1,1,high,weekday,clear,15-18,4
TRIP_0700,1.8,1,0,0,low,sunday,clear,09-12,2
TRIP_0701,4.5,2,1,1,high,weekday,clear,07-09,4
TRIP_0702,8.4,3,0,0,low,sunday,clear,12-15,2
TRIP_0703,21.8,6,1,0,medium,weekday,clear,12-15,3
TRIP_0704,4.9,2,1,1,medium,saturday,clear,07-09,4
TRIP_0705,4.5,2,1,1,high,weekday,rain,18-21,4
TRIP_0706,3.1,1,0,1,high,weekday,clear,07-09,1
TRIP_0707,21.8,6,1,0,low,weekday,rain,12-15,3
TRIP_0708,6.0,2,0,0,medium,weekday,rain,12-15,2
TRIP_0709,9.1,2,0,0,high,sunday,clear,12-15,2
TRIP_0710,3.2,1,0,1,medium,weekday,clear,15-18,1
TRIP_0711,11.9,3,1,0,low,weekday,clear,09-12,0
TRIP_0712,6.1,2,0,1,high,weekday,clear,15-18,1
TRIP_0713,7.9,3,0,0,low,sunday,rain,09-12,2
TRIP_0714,5.2,2,1,1,high,weekday,heavy_rain,07-09,4
TRIP_0715,3.9,2,0,1,medium,sunday,clear,15-18,1
TRIP_0716,7.3,2,0,1,high,saturday,clear,15-18,1
TRIP_0717,12.2,3,1,0,medium,saturday,heavy_rain,12-15,0
TRIP_0718,5.5,2,1,0,medium,weekday,clear,12-15,0
TRIP_0719,9.2,3,1,0,medium,weekday,clear,09-12,0
TRIP_0720,5.8,2,0,0,medium,weekday,clear,09-12,2
TRIP_0721,5.8,2,0,1,high,weekday,clear,07-09,1
TRIP_0722,11.9,3,1,0,low,weekday,clear,09-12,0
TRIP_0723,8.3,3,0,1,medium,weekday,rain,15-18,1
TRIP_0724,3.5,1,0,1,medium,weekday,clear,15-18,1
TRIP_0725,6.7,3,1,1,medium,saturday,clear,15-18,4
TRIP_0726,6.7,2,1,0,medium,weekday,clear,09-12,0
TRIP_0727,9.5,2,1,0,low,saturday,clear,09-12,0
TRIP_0728,5.2,1,0,1,high,sunday,clear,18-21,1
TRIP_0729,10.3,4,1,0,low,weekday,clear,09-12,0
TRIP_0730,5.5,2,1,1,high,weekday,rain,18-21,4
TRIP_0731,3.9,2,0,1,high,sunday,clear,15-18,1
TRIP_0732,6.3,2,1,0,high,weekday,clear,12-15,0
TRIP_0733,6.0,2,0,1,high,saturday,rain,15-18,1
TRIP_0734,8.7,3,1,0,medium,weekday,clear,09-12,0
TRIP_0735,2.7,1,0,1,medium,saturday,rain,15-18,1
TRIP_0736,8.7,2,0,1,high,saturday,clear,15-18,1
TRIP_0737,5.5,2,0,0,low,sunday,rain,12-15,2
TRIP_0738,5.2,1,0,1,high,weekday,clear,15-18,1
TRIP_0739,4.5,2,1,1,medium,weekday,clear,15-18,4
TRIP_0740,15.8,4,1,0,medium,weekday,clear,05-07,3
TRIP_0741,9.5,2,1,1,medium,weekday,clear,18-21,4
TRIP_0742,5.5,2,1,1,medium,sunday,clear,18-21,4
TRIP_0743,6.3,2,1,1,high,weekday,clear,15-18,4
TRIP_0744,11.5,4,0,0,low,saturday,clear,09-12,0
TRIP_0745,6.4,2,1,0,medium,weekday,clear,12-15,0
TRIP_0746,8.7,2,0,1,high,weekday,clear,15-18,1
TRIP_0747,6.0,2,0,1,medium,weekday,clear,07-09,1
TRIP_0748,9.5,2,1,0,high,weekday,rain,09-12,0
TRIP_0749,3.0,1,0,0,medium,weekday,clear,12-15,2
TRIP_0750,15.7,5,1,0,low,sunday,clear,05-07,3
TRIP_0751,11.5,4,0,1,medium,weekday,rain,18-21,4
TRIP_0752,5.2,2,0,0,high,weekday,clear,21-23,2
TRIP_0753,8.5,3,1,0,low,weekday,clear,09-12,0
TRIP_0754,13.4,3,0,0,low,weekday,clear,12-15,0
TRIP_0755,8.3,3,0,1,medium,weekday,clear,15-18,1
TRIP_0756,4.5,2,1,0,high,weekday,clear,09-12,0
TRIP_0757,6.1,2,0,1,high,weekday,clear,15-18,1
TRIP_0758,8.3,3,0,0,low,sunday,rain,09-12,2
TRIP_0759,4.5,2,1,0,high,saturday,clear,09-12,0
TRIP_0760,11.5,4,0,1,high,weekday,rain,18-21,4
TRIP_0761,11.9,3,1,0,medium,saturday,clear,09-12,0
TRIP_0762,2.4,1,0,1,high,saturday,clear,18-21,1
TRIP_0763,9.5,2,1,0,medium,weekday,clear,12-15,0
TRIP_0764,15.8,4,1,0,high,weekday,clear,09-12,3
TRIP_0765,15.8,4,1,1,high,weekday,clear,07-09,3
TRIP_0766,15.7,5,1,1,high,weekday,clear,18-21,3
TRIP_0767,6.7,2,1,1,high,weekday,rain,18-21,4
TRIP_0768,8.7,3,1,0,low,weekday,clear,12-15,0
TRIP_0769,9.2,3,1,0,high,weekday,clear,09-12,0
TRIP_0770,12.5,4,1,1,high,weekday,clear,15-18,4
TRIP_0771,8.5,3,1,1,medium,weekday,clear,18-21,4
TRIP_0772,6.7,2,1,0,medium,weekday,clear,12-15,0
TRIP_0773,6.0,2,0,1,high,weekday,clear,18-21,1
TRIP_0774,13.4,3,0,1,high,saturday,clear,07-09,4
TRIP_0775,5.5,2,0,1,medium,weekday,clear,07-09,1
TRIP_0776,11.8,4,1,0,low,weekday,rain,05-07,0
TRIP_0777,3.4,1,0,1,medium,sunday,clear,18-21,1
TRIP_0778,7.9,3,0,1,high,weekday,clear,07-09,1
TRIP_0779,8.3,3,0,1,medium,weekday,clear,07-09,1
TRIP_0780,3.0,1,0,0,medium,sunday,clear,09-12,2
TRIP_0781,6.3,2,1,0,medium,weekday,clear,12-15,0
TRIP_0782,6.7,3,1,1,medium,weekday,clear,15-18,4
TRIP_0783,5.8,2,0,1,high,weekday,rain,07-09,1
TRIP_0784,3.0,1,0,0,medium,weekday,clear,09-12,2
TRIP_0785,8.3,3,0,0,high,weekday,clear,05-07,2
TRIP_0786,4.9,2,1,1,high,sunday,rain,18-21,4
TRIP_0787,1.8,1,0,1,high,saturday,rain,07-09,1
TRIP_0788,9.1,2,0,1,high,weekday,clear,07-09,1
TRIP_0789,4.5,2,1,0,medium,weekday,rain,09-12,0
TRIP_0790,9.1,2,0,1,medium,sunday,clear,07-09,1
TRIP_0791,11.9,3,1,0,high,weekday,clear,05-07,0
TRIP_0792,6.3,3,1,0,medium,weekday,clear,09-12,0
TRIP_0793,12.2,3,1,0,low,sunday,clear,09-12,0
TRIP_0794,1.8,1,0,1,high,weekday,clear,07-09,1
TRIP_0795,3.2,1,0,1,medium,saturday,clear,15-18,1
TRIP_0796,4.5,2,1,1,medium,saturday,clear,18-21,4
TRIP_0797,3.1,1,0,1,medium,saturday,clear,15-18,1
TRIP_0798,2.7,1,0,1,high,weekday,rain,18-21,1
TRIP_0799,4.5,2,1,1,high,weekday,rain,07-09,4
TRIP_0800,7.9,3,0,1,medium,saturday,clear,18-21,1
TRIP_0801,4.3,1,0,1,high,weekday,clear,18-21,1
TRIP_0802,6.7,2,1,1,high,weekday,clear,07-09,4
TRIP_0803,6.4,2,1,0,medium,weekday,clear,09-12,0
TRIP_0804,12.5,4,1,1,medium,saturday,clear,07-09,4
TRIP_0805,11.8,4,1,1,medium,weekday,rain,07-09,4
TRIP_0806,8.7,3,1,1,low,weekday,clear,15-18,4
TRIP_0807,12.5,4,1,0,low,weekday,rain,12-15,0
TRIP_0808,5.2,2,0,1,high,sunday,rain,18-21,1
TRIP_0809,15.7,5,1,1,high,weekday,clear,15-18,3
TRIP_0810,11.9,3,1,1,high,weekday,rain,07-09,4
TRIP_0811,4.3,1,0,0,medium,saturday,clear,09-12,2
TRIP_0812,6.0,2,0,1,high,saturday,rain,07-09,1
TRIP_0813,11.9,3,1,1,medium,weekday,clear,15-18,4
TRIP_0814,2.4,1,0,1,high,saturday,clear,15-18,1
TRIP_0815,8.5,3,1,1,medium,sunday,clear,07-09,4
TRIP_0816,3.2,1,0,0,low,weekday,clear,21-23,2
TRIP_0817,4.5,2,1,1,medium,sunday,clear,18-21,4
TRIP_0818,9.5,2,1,1,high,saturday,clear,07-09,4
TRIP_0819,2.4,1,0,1,medium,weekday,clear,07-09,1
TRIP_0820,6.3,3,1,0,medium,weekday,rain,09-12,0
TRIP_0821,10.3,4,1,0,high,weekday,clear,09-12,0
TRIP_0822,5.5,2,1,0,medium,weekday,clear,09-12,0
TRIP_0823,3.2,1,0,0,high,sunday,clear,09-12,2
TRIP_0824,11.8,4,1,0,medium,weekday,rain,09-12,0
TRIP_0825,2.1,1,0,0,medium,weekday,heavy_rain,05-07,2
TRIP_0826,8.5,3,1,0,medium,weekday,clear,21-23,0
TRIP_0827,9.9,4,1,1,high,weekday,rain,15-18,4
TRIP_0828,3.1,1,0,1,medium,weekday,clear,18-21,1
TRIP_0829,7.9,3,0,1,medium,weekday,rain,07-09,1
TRIP_0830,1.8,1,0,0,high,weekday,clear,21-23,2
TRIP_0831,8.5,3,1,1,high,saturday,heavy_rain,15-18,4
TRIP_0832,6.1,1,0,1,low,weekday,clear,15-18,1
TRIP_0833,15.8,4,1,0,low,sunday,clear,09-12,3
TRIP_0834,11.5,4,0,0,low,sunday,clear,12-15,0
TRIP_0835,9.5,2,1,0,medium,saturday,clear,05-07,0
TRIP_0836,8.5,3,1,1,low,weekday,clear,18-21,4
TRIP_0837,2.4,1,0,0,medium,weekday,clear,12-15,2
TRIP_0838,9.5,2,1,0,medium,weekday,clear,09-12,0
TRIP_0839,9.9,4,1,1,low,saturday,clear,07-09,4
TRIP_0840,8.3,3,0,0,low,saturday,clear,09-12,2
TRIP_0841,11.0,3,1,1,high,weekday,rain,07-09,4
TRIP_0842,5.5,2,0,1,medium,weekday,rain,18-21,1
TRIP_0843,8.7,3,1,0,low,weekday,clear,12-15,0
TRIP_0844,6.3,3,1,1,high,weekday,clear,18-21,4
TRIP_0845,5.8,2,0,1,high,weekday,clear,18-21,1
TRIP_0846,7.4,2,1,1,medium,weekday,clear,07-09,4
TRIP_0847,6.4,2,1,1,high,weekday,rain,15-18,4
TRIP_0848,15.8,4,1,0,high,saturday,clear,09-12,3
TRIP_0849,5.8,2,0,0,medium,saturday,clear,05-07,2
TRIP_0850,11.5,4,0,0,medium,saturday,clear,05-07,0
TRIP_0851,4.5,2,1,1,high,saturday,clear,07-09,4
TRIP_0852,9.5,3,1,0,high,saturday,clear,05-07,0
TRIP_0853,4.9,2,1,0,medium,weekday,rain,09-12,0
TRIP_0854,5.8,2,0,0,medium,weekday,clear,21-23,2
TRIP_0855,8.3,3,0,1,high,weekday,rain,15-18,1
TRIP_0856,11.9,3,1,0,low,sunday,heavy_rain,21-23,0
TRIP_0857,4.5,2,1,0,medium,weekday,clear,12-15,0
TRIP_0858,6.7,2,1,1,high,weekday,rain,18-21,4
TRIP_0859,8.5,3,1,0,high,weekday,rain,09-12,0
TRIP_0860,6.3,3,1,1,high,weekday,clear,07-09,4
TRIP_0861,8.7,3,1,0,medium,sunday,clear,21-23,0
TRIP_0862,3.2,1,0,1,high,sunday,rain,18-21,1
TRIP_0863,3.5,1,0,1,high,weekday,clear,15-18,1
TRIP_0864,18.6,5,1,0,medium,weekday,clear,09-12,3
TRIP_0865,9.1,2,0,1,high,saturday,clear,18-21,1
TRIP_0866,5.8,2,0,1,high,saturday,clear,15-18,1
TRIP_0867,5.5,2,0,1,high,weekday,rain,15-18,1
TRIP_0868,7.3,2,0,1,high,weekday,clear,15-18,1
TRIP_0869,11.8,4,1,1,medium,weekday,clear,15-18,4
TRIP_0870,6.3,3,1,1,medium,weekday,clear,07-09,4
TRIP_0871,12.5,4,1,1,high,sunday,clear,07-09,4
TRIP_0872,1.8,1,0,0,medium,weekday,rain,05-07,2
TRIP_0873,15.7,5,1,0,medium,weekday,clear,12-15,3
TRIP_0874,9.2,2,1,1,medium,saturday,clear,15-18,4
TRIP_0875,13.4,3,0,1,high,weekday,clear,07-09,4
TRIP_0876,5.5,2,0,0,medium,weekday,clear,09-12,2
TRIP_0877,8.5,3,1,1,high,weekday,clear,07-09,4
TRIP_0878,9.5,3,1,1,high,weekday,clear,18-21,4
TRIP_0879,18.6,5,1,0,low,weekday,rain,05-07,3
TRIP_0880,11.0,3,1,1,medium,sunday,clear,15-18,4
TRIP_0881,18.6,5,1,1,high,weekday,clear,07-09,3
TRIP_0882,3.4,1,0,0,medium,weekday,clear,12-15,2
TRIP_0883,13.4,3,0,1,medium,saturday,rain,18-21,4
TRIP_0884,8.7,2,0,1,high,weekday,clear,07-09,1
TRIP_0885,12.2,3,1,1,medium,saturday,clear,15-18,4
TRIP_0886,4.0,1,0,0,medium,weekday,clear,05-07,2
TRIP_0887,2.7,1,0,0,medium,weekday,clear,05-07,2
TRIP_0888,12.5,4,1,0,low,saturday,clear,09-12,0
TRIP_0889,5.2,2,0,1,high,weekday,clear,15-18,1
TRIP_0890,10.3,4,1,0,high,weekday,heavy_rain,12-15,0
TRIP_0891,5.8,2,0,1,high,weekday,clear,15-18,1
TRIP_0892,10.3,4,1,0,medium,saturday,clear,09-12,0
TRIP_0893,5.2,2,1,0,medium,saturday,rain,21-23,0
TRIP_0894,4.9,2,1,1,high,saturday,rain,18-21,4
TRIP_0895,15.7,5,1,1,high,weekday,rain,18-21,3
TRIP_0896,3.0,1,0,1,low,weekday,clear,15-18,1
TRIP_0897,2.7,1,0,0,low,sunday,rain,21-23,2
TRIP_0898,3.5,1,0,1,high,sunday,clear,07-09,1
TRIP_0899,7.4,2,1,0,high,weekday,heavy_rain,05-07,0
TRIP_0900,5.5,2,1,0,low,weekday,clear,09-12,0
TRIP_0901,6.4,2,1,0,low,weekday,clear,09-12,0
TRIP_0902,18.6,5,1,0,low,weekday,clear,05-07,3
TRIP_0903,2.1,1,0,1,medium,sunday,clear,15-18,1
TRIP_0904,4.5,2,1,1,medium,weekday,clear,07-09,4
TRIP_0905,8.1,3,1,1,high,weekday,rain,07-09,4
TRIP_0906,8.5,3,1,1,high,sunday,clear,07-09,4
TRIP_0907,12.7,4,1,0,medium,saturday,clear,12-15,0
TRIP_0908,11.9,3,1,0,medium,weekday,heavy_rain,12-15,0
TRIP_0909,3.2,1,0,1,medium,weekday,clear,07-09,1
TRIP_0910,3.9,2,0,0,low,sunday,clear,21-23,2
TRIP_0911,8.5,3,1,1,high,weekday,heavy_rain,07-09,4
TRIP_0912,6.1,2,0,0,low,sunday,clear,05-07,2
TRIP_0913,2.8,1,0,0,low,weekday,clear,09-12,2
TRIP_0914,3.2,1,0,1,medium,weekday,clear,15-18,1
TRIP_0915,4.3,1,0,1,medium,weekday,clear,07-09,1
TRIP_0916,3.5,1,0,1,high,weekday,rain,15-18,1
TRIP_0917,5.8,2,0,1,medium,saturday,clear,15-18,1
TRIP_0918,2.8,1,0,0,medium,weekday,rain,05-07,2
TRIP_0919,7.4,2,1,1,high,weekday,clear,18-21,4
TRIP_0920,6.7,2,1,0,medium,weekday,clear,09-12,0
TRIP_0921,12.2,3,1,0,high,weekday,clear,05-07,0
TRIP_0922,11.8,4,1,1,high,saturday,clear,15-18,4
TRIP_0923,9.9,4,1,0,medium,weekday,clear,12-15,0
TRIP_0924,8.7,2,0,0,medium,weekday,clear,21-23,2
TRIP_0925,5.5,2,1,0,low,saturday,clear,09-12,0
TRIP_0926,18.6,5,1,0,low,saturday,clear,09-12,3
TRIP_0927,8.5,3,1,0,medium,weekday,clear,09-12,0
TRIP_0928,9.1,2,0,0,medium,weekday,clear,09-12,2
TRIP_0929,9.5,3,1,1,low,saturday,clear,07-09,4
TRIP_0930,11.0,3,1,1,low,weekday,clear,15-18,4
TRIP_0931,4.9,2,1,1,high,weekday,heavy_rain,18-21,4
TRIP_0932,4.9,2,1,0,high,weekday,rain,09-12,0
TRIP_0933,2.1,1,0,1,medium,weekday,rain,07-09,1
TRIP_0934,11.8,4,1,0,low,saturday,rain,05-07,0
TRIP_0935,2.7,1,0,0,low,weekday,clear,12-15,2
TRIP_0936,7.9,3,0,0,low,saturday,rain,05-07,2
TRIP_0937,9.2,3,1,0,high,saturday,clear,12-15,0
TRIP_0938,4.5,2,1,1,medium,sunday,heavy_rain,18-21,4
TRIP_0939,10.3,4,1,1,medium,weekday,heavy_rain,07-09,4
TRIP_0940,8.7,3,1,1,high,saturday,clear,18-21,4
TRIP_0941,8.4,3,0,1,high,sunday,clear,07-09,1
TRIP_0942,8.7,3,1,1,high,weekday,clear,07-09,4
TRIP_0943,9.2,3,1,1,medium,weekday,clear,18-21,4
TRIP_0944,15.8,4,1,0,medium,saturday,clear,09-12,3
TRIP_0945,9.2,3,1,1,high,sunday,rain,18-21,4
TRIP_0946,5.8,2,0,0,medium,saturday,clear,12-15,2
TRIP_0947,6.7,3,1,1,medium,weekday,clear,07-09,4
TRIP_0948,18.6,5,1,1,medium,weekday,clear,15-18,3
TRIP_0949,5.2,2,1,1,high,weekday,clear,07-09,4
TRIP_0950,8.4,3,0,0,medium,saturday,clear,09-12,2
TRIP_0951,6.3,3,1,1,high,weekday,rain,15-18,4
TRIP_0952,15.8,4,1,1,medium,weekday,heavy_rain,07-09,3
TRIP_0953,9.5,2,1,1,high,weekday,clear,07-09,4
TRIP_0954,12.5,4,1,1,low,saturday,clear,07-09,4
TRIP_0955,18.6,5,1,0,medium,saturday,clear,21-23,3
TRIP_0956,11.5,4,0,1,medium,weekday,clear,18-21,4
TRIP_0957,8.7,3,1,1,high,sunday,clear,15-18,4
TRIP_0958,2.7,1,0,1,high,weekday,clear,07-09,1
TRIP_0959,12.7,4,1,1,high,weekday,rain,07-09,4
TRIP_0960,18.6,5,1,0,medium,sunday,clear,12-15,3
TRIP_0961,4.5,2,1,1,high,weekday,clear,07-09,4
TRIP_0962,2.7,1,0,0,medium,weekday,clear,12-15,2
TRIP_0963,8.7,3,1,0,low,saturday,clear,12-15,0
TRIP_0964,8.7,3,1,1,high,weekday,clear,18-21,4
TRIP_0965,2.1,1,0,0,medium,weekday,heavy_rain,12-15,2
TRIP_0966,12.7,4,1,1,high,weekday,clear,07-09,4
TRIP_0967,9.2,2,1,1,high,weekday,clear,15-18,4
TRIP_0968,9.5,2,1,0,low,sunday,clear,05-07,0
TRIP_0969,7.9,3,0,0,medium,weekday,rain,12-15,2
TRIP_0970,6.0,2,0,1,medium,weekday,clear,15-18,1
TRIP_0971,15.8,4,1,1,medium,weekday,clear,15-18,3
TRIP_0972,12.7,4,1,1,high,weekday,clear,07-09,4
TRIP_0973,3.1,1,0,0,high,weekday,clear,05-07,2
TRIP_0974,6.7,2,1,1,high,weekday,clear,07-09,4
TRIP_0975,3.1,1,0,1,medium,weekday,clear,18-21,1
TRIP_0976,9.9,4,1,1,medium,saturday,rain,07-09,4
TRIP_0977,9.1,2,0,0,low,weekday,rain,09-12,2
TRIP_0978,7.9,3,0,1,high,weekday,heavy_rain,07-09,1
TRIP_0979,11.8,4,1,0,medium,weekday,rain,12-15,0
TRIP_0980,5.8,2,0,1,high,weekday,clear,15-18,1
TRIP_0981,21.8,6,1,0,low,saturday,rain,12-15,3
TRIP_0982,8.7,3,1,1,medium,sunday,clear,18-21,4
TRIP_0983,11.5,4,0,0,low,saturday,clear,21-23,0
TRIP_0984,8.3,3,0,1,medium,weekday,clear,07-09,1
TRIP_0985,11.5,4,0,1,low,sunday,clear,07-09,4
TRIP_0986,3.1,1,0,0,medium,weekday,clear,21-23,2
TRIP_0987,3.0,1,0,1,low,weekday,clear,18-21,1
TRIP_0988,21.8,6,1,0,medium,weekday,clear,12-15,3
TRIP_0989,4.0,1,0,0,low,sunday,rain,12-15,2
TRIP_0990,9.2,2,1,0,low,weekday,rain,05-07,0
TRIP_0991,9.5,3,1,1,high,weekday,clear,18-21,4
TRIP_0992,11.9,3,1,0,medium,weekday,clear,12-15,0
TRIP_0993,3.4,1,0,1,high,weekday,clear,18-21,1
TRIP_0994,11.8,4,1,0,high,saturday,clear,12-15,0
TRIP_0995,2.4,1,0,1,medium,weekday,clear,15-18,1
TRIP_0996,9.2,3,1,1,high,weekday,rain,15-18,4
TRIP_0997,5.5,2,1,1,high,sunday,clear,18-21,4
TRIP_0998,4.5,2,1,1,medium,sunday,clear,18-21,4
TRIP_0999,12.5,4,1,1,high,weekday,clear,07-09,4
TRIP_1000,8.5,3,1,1,high,weekday,clear,07-09,4
TRIP_1001,9.5,3,1,1,high,weekday,clear,15-18,4
TRIP_1002,2.7,1,0,0,medium,weekday,clear,09-12,2
TRIP_1003,3.2,1,0,0,medium,weekday,clear,05-07,2
TRIP_1004,8.5,3,1,1,medium,weekday,rain,18-21,4
TRIP_1005,3.2,1,0,0,medium,saturday,clear,09-12,2
TRIP_1006,9.5,2,1,0,medium,weekday,clear,05-07,0
TRIP_1007,3.5,1,0,1,high,weekday,rain,15-18,1
TRIP_1008,11.5,4,0,0,low,sunday,clear,09-12,0
TRIP_1009,5.2,1,0,1,medium,weekday,clear,18-21,1
TRIP_1010,1.8,1,0,0,low,sunday,clear,12-15,2
TRIP_1011,5.5,2,0,0,low,weekday,clear,09-12,2
TRIP_1012,8.7,2,0,1,high,weekday,rain,15-18,1
TRIP_1013,6.7,2,1,0,low,weekday,rain,12-15,0
TRIP_1014,9.1,2,0,1,medium,weekday,clear,15-18,1
TRIP_1015,4.5,2,1,0,low,sunday,rain,09-12,0
TRIP_1016,15.7,5,1,0,medium,weekday,clear,12-15,3
TRIP_1017,9.5,3,1,1,low,weekday,clear,18-21,4
TRIP_1018,4.5,2,1,1,high,weekday,clear,18-21,4
TRIP_1019,2.1,1,0,1,high,weekday,clear,07-09,1
TRIP_1020,1.8,1,0,1,high,sunday,clear,15-18,1
TRIP_1021,11.9,3,1,0,medium,weekday,heavy_rain,21-23,0
TRIP_1022,6.1,2,0,1,medium,weekday,clear,07-09,1
TRIP_1023,5.2,2,0,0,low,sunday,clear,05-07,2
TRIP_1024,13.4,3,0,0,medium,weekday,clear,12-15,0
TRIP_1025,3.2,1,0,0,medium,weekday,clear,12-15,2
TRIP_1026,6.7,3,1,0,high,weekday,rain,09-12,0
TRIP_1027,9.9,4,1,0,medium,weekday,clear,12-15,0
TRIP_1028,9.9,4,1,1,low,weekday,rain,07-09,4
TRIP_1029,15.8,4,1,0,medium,weekday,clear,12-15,3
TRIP_1030,5.8,2,0,0,medium,saturday,clear,21-23,2
TRIP_1031,11.8,4,1,0,low,sunday,clear,09-12,0
TRIP_1032,5.2,1,0,0,medium,saturday,clear,09-12,2
TRIP_1033,4.3,1,0,0,medium,weekday,clear,21-23,2
TRIP_1034,6.3,3,1,1,high,weekday,rain,15-18,4
TRIP_1035,4.5,2,1,0,medium,weekday,clear,12-15,0
TRIP_1036,4.0,1,0,1,high,saturday,rain,15-18,1
TRIP_1037,8.3,3,0,0,medium,saturday,clear,12-15,2
TRIP_1038,15.8,4,1,1,medium,weekday,clear,07-09,3
TRIP_1039,5.2,2,1,0,medium,weekday,rain,12-15,0
TRIP_1040,6.4,2,1,1,high,weekday,clear,18-21,4
TRIP_1041,12.7,4,1,0,medium,saturday,clear,09-12,0
TRIP_1042,8.4,3,0,1,high,weekday,clear,07-09,1
TRIP_1043,11.0,3,1,0,medium,saturday,rain,09-12,0
TRIP_1044,4.9,2,1,0,medium,weekday,rain,12-15,0
TRIP_1045,3.2,1,0,0,low,weekday,heavy_rain,05-07,2
TRIP_1046,6.7,2,1,0,low,sunday,clear,09-12,0
TRIP_1047,3.0,1,0,0,medium,weekday,clear,12-15,2
TRIP_1048,9.9,4,1,1,medium,weekday,clear,18-21,4
TRIP_1049,12.5,4,1,1,high,weekday,rain,07-09,4
TRIP_1050,9.5,3,1,0,high,weekday,clear,05-07,0
TRIP_1051,8.3,3,0,0,low,weekday,heavy_rain,09-12,2
TRIP_1052,4.3,1,0,0,low,weekday,rain,09-12,2
TRIP_1053,3.1,1,0,1,medium,weekday,clear,07-09,1
TRIP_1054,6.7,3,1,0,medium,sunday,clear,09-12,0
TRIP_1055,13.4,3,0,0,high,saturday,clear,12-15,0
TRIP_1056,7.3,2,0,1,medium,saturday,rain,18-21,1
TRIP_1057,11.0,3,1,1,high,weekday,clear,07-09,4
TRIP_1058,3.4,1,0,0,low,weekday,clear,12-15,2
TRIP_1059,4.0,1,0,0,low,weekday,clear,12-15,2
TRIP_1060,4.0,1,0,1,high,weekday,heavy_rain,07-09,1
TRIP_1061,21.8,6,1,1,high,saturday,clear,18-21,3
TRIP_1062,10.3,4,1,0,medium,weekday,rain,21-23,0
TRIP_1063,4.5,2,1,1,high,weekday,clear,18-21,4
TRIP_1064,6.7,3,1,1,medium,weekday,clear,15-18,4
TRIP_1065,2.7,1,0,1,medium,weekday,rain,15-18,1
TRIP_1066,3.1,1,0,0,medium,saturday,clear,12-15,2
TRIP_1067,9.5,2,1,1,medium,saturday,heavy_rain,18-21,4
TRIP_1068,7.3,2,0,1,high,saturday,clear,18-21,1
TRIP_1069,6.1,1,0,0,medium,weekday,clear,12-15,2
TRIP_1070,2.7,1,0,0,medium,weekday,rain,21-23,2
TRIP_1071,9.9,4,1,0,medium,saturday,clear,09-12,0
TRIP_1072,10.3,4,1,0,medium,weekday,clear,12-15,0
TRIP_1073,8.3,3,0,1,high,sunday,rain,07-09,1
TRIP_1074,11.5,4,0,0,medium,weekday,clear,21-23,0
TRIP_1075,8.4,3,0,1,high,weekday,clear,15-18,1
TRIP_1076,4.0,1,0,1,medium,weekday,clear,15-18,1
TRIP_1077,8.7,3,1,0,medium,weekday,clear,12-15,0
TRIP_1078,6.7,2,1,0,low,weekday,clear,21-23,0
TRIP_1079,10.3,4,1,1,high,weekday,clear,15-18,4
TRIP_1080,4.5,2,1,1,high,weekday,rain,15-18,4
TRIP_1081,18.6,5,1,1,high,weekday,clear,15-18,3
TRIP_1082,6.3,3,1,0,high,weekday,clear,05-07,0
TRIP_1083,12.2,3,1,1,low,sunday,clear,18-21,4
TRIP_1084,3.2,1,0,1,high,weekday,clear,18-21,1
TRIP_1085,3.1,1,0,1,high,weekday,rain,15-18,1
TRIP_1086,9.2,3,1,0,low,saturday,clear,05-07,0
TRIP_1087,6.3,2,1,1,medium,saturday,clear,07-09,4
TRIP_1088,2.4,1,0,1,high,weekday,heavy_rain,15-18,1
TRIP_1089,5.8,2,0,0,high,weekday,clear,09-12,2
TRIP_1090,13.4,3,0,1,medium,weekday,clear,15-18,4
TRIP_1091,12.2,3,1,0,low,weekday,clear,12-15,0
TRIP_1092,12.7,4,1,0,medium,weekday,clear,05-07,0
TRIP_1093,3.4,1,0,0,low,weekday,clear,21-23,2
TRIP_1094,15.8,4,1,1,high,weekday,clear,15-18,3
TRIP_1095,6.4,2,1,1,medium,weekday,clear,18-21,4
TRIP_1096,6.0,2,0,0,low,weekday,clear,09-12,2
TRIP_1097,8.4,3,0,0,medium,weekday,clear,21-23,2
TRIP_1098,11.0,3,1,1,high,weekday,clear,15-18,4
TRIP_1099,8.3,3,0,0,medium,weekday,clear,05-07,2
TRIP_1100,6.4,2,1,0,low,sunday,rain,12-15,0
TRIP_1101,8.4,3,0,0,low,sunday,clear,09-12,2
TRIP_1102,9.1,2,0,1,medium,weekday,clear,15-18,1
TRIP_1103,15.7,5,1,0,medium,weekday,clear,05-07,3
TRIP_1104,8.5,3,1,1,medium,sunday,clear,15-18,4
TRIP_1105,3.4,1,0,0,low,sunday,clear,12-15,2
TRIP_1106,8.7,3,1,1,medium,weekday,rain,15-18,4
TRIP_1107,3.5,1,0,1,medium,weekday,clear,07-09,1
TRIP_1108,3.5,1,0,1,high,sunday,clear,07-09,1
TRIP_1109,15.8,4,1,1,medium,saturday,clear,07-09,3
TRIP_1110,6.1,2,0,1,high,sunday,rain,18-21,1
TRIP_1111,6.3,2,1,1,high,weekday,clear,15-18,4
TRIP_1112,5.5,2,1,0,medium,weekday,heavy_rain,12-15,0
TRIP_1113,10.3,4,1,1,high,weekday,clear,15-18,4
TRIP_1114,4.5,2,1,1,high,weekday,rain,07-09,4
TRIP_1115,1.8,1,0,0,medium,weekday,clear,09-12,2
TRIP_1116,3.1,1,0,0,low,sunday,rain,12-15,2
TRIP_1117,3.1,1,0,0,low,weekday,clear,05-07,2
TRIP_1118,2.1,1,0,1,high,sunday,clear,15-18,1
TRIP_1119,12.5,4,1,1,medium,weekday,clear,15-18,4
TRIP_1120,9.2,2,1,0,medium,weekday,clear,12-15,0
TRIP_1121,5.2,1,0,1,medium,weekday,clear,18-21,1
TRIP_1122,4.0,1,0,0,low,weekday,clear,12-15,2
TRIP_1123,9.5,2,1,1,medium,weekday,clear,07-09,4
TRIP_1124,5.5,2,0,1,medium,weekday,clear,18-21,1
TRIP_1125,4.0,1,0,0,medium,weekday,clear,21-23,2
TRIP_1126,6.0,2,0,1,medium,weekday,clear,18-21,1
TRIP_1127,8.7,2,0,0,medium,sunday,clear,09-12,2
TRIP_1128,1.8,1,0,0,high,weekday,clear,09-12,2
TRIP_1129,10.3,4,1,0,high,sunday,clear,21-23,0
TRIP_1130,5.5,2,0,1,low,sunday,clear,18-21,1
TRIP_1131,3.2,1,0,1,high,sunday,rain,07-09,1
TRIP_1132,3.2,1,0,0,high,weekday,clear,09-12,2
TRIP_1133,9.9,4,1,1,high,weekday,clear,18-21,4
TRIP_1134,8.5,3,1,0,medium,sunday,clear,12-15,0
TRIP_1135,9.2,2,1,0,medium,weekday,rain,09-12,0
TRIP_1136,3.5,1,0,1,high,weekday,clear,18-21,1
TRIP_1137,7.4,2,1,1,medium,weekday,clear,15-18,4
TRIP_1138,8.4,3,0,0,low,sunday,rain,05-07,2
TRIP_1139,9.1,2,0,0,medium,weekday,heavy_rain,12-15,2
TRIP_1140,9.5,3,1,0,medium,sunday,clear,09-12,0
TRIP_1141,15.7,5,1,1,medium,weekday,rain,15-18,3
TRIP_1142,7.4,2,1,1,high,weekday,rain,15-18,4
TRIP_1143,12.2,3,1,1,medium,sunday,rain,15-18,4
TRIP_1144,2.7,1,0,1,high,weekday,clear,15-18,1
TRIP_1145,7.4,2,1,1,high,weekday,heavy_rain,07-09,4
TRIP_1146,7.4,2,1,1,high,weekday,clear,18-21,4
TRIP_1147,8.5,3,1,0,medium,weekday,clear,09-12,0
TRIP_1148,3.9,2,0,0,low,weekday,rain,09-12,2
TRIP_1149,6.7,2,1,0,medium,weekday,clear,12-15,0
TRIP_1150,6.7,2,1,1,high,weekday,clear,15-18,4
TRIP_1151,7.3,2,0,0,high,weekday,clear,05-07,2
TRIP_1152,3.0,1,0,0,medium,sunday,clear,05-07,2
TRIP_1153,3.9,2,0,0,medium,weekday,clear,12-15,2
TRIP_1154,8.3,3,0,0,medium,saturday,rain,09-12,2
TRIP_1155,6.0,2,0,0,high,weekday,rain,09-12,2
TRIP_1156,5.2,2,1,1,medium,weekday,rain,18-21,4
TRIP_1157,11.5,4,0,0,medium,weekday,clear,05-07,0
TRIP_1158,6.3,2,1,0,medium,weekday,clear,05-07,0
TRIP_1159,9.2,2,1,0,medium,weekday,heavy_rain,05-07,0
TRIP_1160,15.7,5,1,1,high,sunday,clear,07-09,3
TRIP_1161,12.2,3,1,0,high,weekday,clear,21-23,0
TRIP_1162,6.7,2,1,0,medium,saturday,clear,12-15,0
TRIP_1163,3.5,1,0,0,low,sunday,clear,09-12,2
TRIP_1164,3.9,2,0,1,high,weekday,clear,07-09,1
TRIP_1165,4.3,1,0,0,low,weekday,clear,12-15,2
TRIP_1166,21.8,6,1,1,high,weekday,heavy_rain,15-18,3
TRIP_1167,9.1,2,0,0,medium,weekday,clear,21-23,2
TRIP_1168,3.1,1,0,0,low,weekday,clear,21-23,2
TRIP_1169,10.3,4,1,1,high,weekday,rain,15-18,4
TRIP_1170,3.1,1,0,0,low,weekday,clear,12-15,2
TRIP_1171,6.3,3,1,0,medium,saturday,rain,12-15,0
TRIP_1172,6.0,2,0,1,high,saturday,clear,07-09,1
TRIP_1173,5.2,1,0,0,medium,weekday,rain,12-15,2
TRIP_1174,9.9,4,1,1,low,weekday,clear,15-18,4
TRIP_1175,4.9,2,1,1,high,weekday,rain,15-18,4
TRIP_1176,12.5,4,1,0,low,weekday,clear,09-12,0
TRIP_1177,8.7,3,1,1,high,saturday,clear,15-18,4
TRIP_1178,6.3,2,1,1,low,weekday,clear,15-18,4
TRIP_1179,4.5,2,1,1,high,weekday,clear,18-21,4
TRIP_1180,3.1,1,0,0,high,saturday,clear,12-15,2
TRIP_1181,8.5,3,1,0,low,sunday,rain,21-23,0
TRIP_1182,4.5,2,1,0,medium,weekday,rain,09-12,0
TRIP_1183,6.0,2,0,0,medium,weekday,clear,05-07,2
TRIP_1184,2.1,1,0,1,medium,weekday,clear,15-18,1
TRIP_1185,6.0,2,0,0,medium,weekday,clear,09-12,2
TRIP_1186,18.6,5,1,0,medium,sunday,clear,09-12,3
TRIP_1187,8.1,3,1,1,medium,saturday,clear,15-18,4
TRIP_1188,4.3,1,0,1,medium,weekday,clear,15-18,1
TRIP_1189,3.5,1,0,0,medium,sunday,clear,05-07,2
TRIP_1190,6.1,1,0,1,high,saturday,rain,18-21,1
TRIP_1191,11.5,4,0,1,high,weekday,rain,18-21,4
TRIP_1192,6.3,2,1,1,high,sunday,rain,15-18,4
TRIP_1193,6.3,3,1,0,low,sunday,clear,05-07,0
TRIP_1194,6.7,2,1,1,low,weekday,clear,18-21,4
TRIP_1195,9.9,4,1,1,high,weekday,rain,18-21,4
TRIP_1196,8.7,2,0,1,high,weekday,rain,07-09,1
TRIP_1197,15.8,4,1,0,low,sunday,clear,09-12,3
TRIP_1198,11.0,3,1,0,medium,weekday,clear,12-15,0
TRIP_1199,5.2,2,1,0,low,sunday,clear,09-12,0
TRIP_1200,15.8,4,1,0,low,sunday,rain,09-12,3
TRIP_1201,5.5,2,0,1,high,weekday,clear,15-18,1
TRIP_1202,9.9,4,1,0,high,weekday,clear,09-12,0
TRIP_1203,2.8,1,0,1,medium,saturday,clear,18-21,1
TRIP_1204,5.2,2,1,0,low,sunday,clear,09-12,0
TRIP_1205,3.4,1,0,0,low,weekday,heavy_rain,21-23,2
TRIP_1206,8.4,3,0,1,medium,weekday,rain,18-21,1
TRIP_1207,15.8,4,1,0,high,weekday,clear,05-07,3
TRIP_1208,9.9,4,1,0,low,weekday,rain,09-12,0
TRIP_1209,15.7,5,1,1,medium,saturday,clear,15-18,3
TRIP_1210,7.9,3,0,1,high,weekday,heavy_rain,07-09,1
TRIP_1211,15.8,4,1,1,high,weekday,clear,15-18,3
TRIP_1212,6.3,3,1,0,medium,sunday,clear,09-12,0
TRIP_1213,5.2,2,1,1,medium,sunday,rain,18-21,4
TRIP_1214,10.3,4,1,1,medium,weekday,clear,15-18,4
TRIP_1215,4.3,1,0,0,low,weekday,clear,12-15,2
TRIP_1216,6.3,3,1,0,high,weekday,clear,12-15,0
TRIP_1217,4.3,1,0,1,medium,weekday,clear,07-09,1
TRIP_1218,2.1,1,0,0,medium,weekday,clear,09-12,2
TRIP_1219,2.1,1,0,1,high,sunday,clear,15-18,1
TRIP_1220,7.4,2,1,0,medium,weekday,clear,12-15,0
TRIP_1221,1.8,1,0,0,medium,weekday,rain,09-12,2
TRIP_1222,3.0,1,0,1,medium,saturday,rain,15-18,1
TRIP_1223,1.8,1,0,1,medium,weekday,clear,07-09,1
TRIP_1224,12.5,4,1,0,medium,weekday,clear,12-15,0
TRIP_1225,8.5,3,1,0,medium,sunday,heavy_rain,09-12,0
TRIP_1226,7.9,3,0,1,medium,weekday,clear,18-21,1
TRIP_1227,6.3,3,1,1,medium,weekday,clear,18-21,4
TRIP_1228,3.5,1,0,1,medium,sunday,clear,15-18,1
TRIP_1229,10.3,4,1,1,high,weekday,clear,18-21,4
TRIP_1230,1.8,1,0,0,high,sunday,clear,21-23,2
TRIP_1231,12.5,4,1,0,low,weekday,clear,05-07,0
TRIP_1232,11.9,3,1,1,medium,saturday,rain,07-09,4
TRIP_1233,21.8,6,1,1,high,weekday,rain,18-21,3
TRIP_1234,8.5,3,1,1,high,weekday,clear,15-18,4
TRIP_1235,4.3,1,0,0,medium,weekday,clear,09-12,2
TRIP_1236,5.8,2,0,0,medium,weekday,clear,12-15,2
TRIP_1237,15.8,4,1,0,medium,sunday,clear,09-12,3
TRIP_1238,8.3,3,0,1,high,weekday,clear,15-18,1
TRIP_1239,9.9,4,1,0,medium,saturday,clear,09-12,0
TRIP_1240,4.5,2,1,1,high,saturday,clear,15-18,4
TRIP_1241,4.3,1,0,1,high,weekday,clear,07-09,1
TRIP_1242,6.7,2,1,0,low,weekday,clear,05-07,0
TRIP_1243,5.2,2,1,0,medium,saturday,rain,12-15,0
TRIP_1244,2.8,1,0,0,medium,weekday,clear,12-15,2
TRIP_1245,8.3,3,0,1,high,saturday,clear,07-09,1
TRIP_1246,12.2,3,1,1,low,weekday,clear,15-18,4
TRIP_1247,4.0,1,0,1,high,saturday,clear,07-09,1
TRIP_1248,6.4,2,1,1,high,sunday,clear,07-09,4
TRIP_1249,7.4,2,1,1,high,sunday,rain,07-09,4
TRIP_1250,13.4,3,0,1,high,weekday,clear,07-09,4
TRIP_1251,6.3,2,1,0,medium,weekday,clear,09-12,0
TRIP_1252,1.8,1,0,0,medium,weekday,heavy_rain,09-12,2
TRIP_1253,9.1,2,0,0,low,weekday,clear,09-12,2
TRIP_1254,5.8,2,0,0,medium,saturday,clear,12-15,2
TRIP_1255,9.2,2,1,1,high,saturday,clear,07-09,4
TRIP_1256,9.2,2,1,0,high,weekday,clear,09-12,0
TRIP_1257,3.0,1,0,0,high,weekday,clear,05-07,2
TRIP_1258,4.3,1,0,1,high,saturday,heavy_rain,07-09,1
TRIP_1259,6.0,2,0,1,high,weekday,rain,15-18,1
TRIP_1260,2.7,1,0,1,medium,weekday,clear,15-18,1
TRIP_1261,3.2,1,0,1,high,saturday,rain,07-09,1
TRIP_1262,6.7,3,1,0,high,weekday,heavy_rain,05-07,0
TRIP_1263,9.2,2,1,1,high,sunday,clear,15-18,4
TRIP_1264,9.1,2,0,0,medium,weekday,clear,12-15,2
TRIP_1265,2.7,1,0,0,medium,weekday,clear,09-12,2
TRIP_1266,8.4,3,0,1,high,weekday,rain,07-09,1
TRIP_1267,3.0,1,0,1,high,saturday,clear,15-18,1
TRIP_1268,12.7,4,1,0,high,weekday,clear,12-15,0
TRIP_1269,8.4,3,0,1,high,saturday,clear,07-09,1
TRIP_1270,8.4,3,0,1,medium,weekday,rain,18-21,1
TRIP_1271,21.8,6,1,0,medium,weekday,clear,12-15,3
TRIP_1272,9.2,2,1,1,high,weekday,rain,07-09,4
TRIP_1273,9.2,2,1,0,high,weekday,clear,05-07,0
TRIP_1274,7.9,3,0,1,medium,weekday,clear,18-21,1
TRIP_1275,21.8,6,1,0,medium,sunday,clear,09-12,3
TRIP_1276,4.3,1,0,0,medium,saturday,clear,12-15,2
TRIP_1277,2.1,1,0,1,high,saturday,clear,15-18,1
TRIP_1278,12.5,4,1,1,medium,sunday,clear,07-09,4
TRIP_1279,5.2,2,1,1,high,saturday,heavy_rain,15-18,4
TRIP_1280,9.2,3,1,0,medium,weekday,clear,05-07,0
TRIP_1281,9.2,3,1,0,medium,weekday,rain,05-07,0
TRIP_1282,2.4,1,0,1,low,weekday,clear,15-18,1
TRIP_1283,7.3,2,0,1,medium,saturday,clear,15-18,1
TRIP_1284,9.9,4,1,0,medium,weekday,heavy_rain,09-12,0
TRIP_1285,3.9,2,0,1,high,weekday,clear,07-09,1
TRIP_1286,9.2,2,1,1,high,weekday,clear,15-18,4
TRIP_1287,11.0,3,1,1,medium,weekday,clear,07-09,4
TRIP_1288,2.7,1,0,0,medium,weekday,clear,12-15,2
TRIP_1289,15.7,5,1,0,medium,weekday,clear,12-15,3
TRIP_1290,6.7,2,1,0,medium,weekday,clear,09-12,0
TRIP_1291,6.1,2,0,1,medium,weekday,heavy_rain,18-21,1
TRIP_1292,10.3,4,1,0,medium,weekday,clear,12-15,0
TRIP_1293,3.1,1,0,0,low,sunday,clear,05-07,2
TRIP_1294,6.3,3,1,0,high,sunday,clear,05-07,0
TRIP_1295,8.3,3,0,1,high,saturday,rain,15-18,1
TRIP_1296,11.8,4,1,1,medium,saturday,clear,18-21,4
TRIP_1297,8.7,3,1,0,low,saturday,clear,12-15,0
TRIP_1298,3.2,1,0,1,medium,weekday,clear,07-09,1
TRIP_1299,3.1,1,0,0,medium,weekday,clear,09-12,2
TRIP_1300,9.1,2,0,0,low,weekday,clear,09-12,2
TRIP_1301,6.7,2,1,1,high,weekday,clear,07-09,4
TRIP_1302,15.7,5,1,1,high,weekday,rain,15-18,3
TRIP_1303,6.4,2,1,0,medium,weekday,clear,09-12,0
TRIP_1304,8.7,3,1,1,medium,saturday,clear,07-09,4
TRIP_1305,5.2,1,0,1,high,saturday,clear,07-09,1
TRIP_1306,6.7,2,1,1,high,sunday,clear,15-18,4
TRIP_1307,11.0,3,1,1,medium,weekday,clear,07-09,4
TRIP_1308,2.1,1,0,1,high,weekday,clear,07-09,1
TRIP_1309,18.6,5,1,0,medium,weekday,clear,21-23,3
TRIP_1310,12.7,4,1,1,medium,weekday,rain,15-18,4
TRIP_1311,8.3,3,0,1,high,weekday,clear,15-18,1
TRIP_1312,5.2,2,1,1,high,saturday,rain,18-21,4
TRIP_1313,9.1,2,0,0,medium,weekday,clear,12-15,2
TRIP_1314,9.1,2,0,1,high,weekday,rain,07-09,1
TRIP_1315,8.1,3,1,1,high,sunday,heavy_rain,18-21,4
TRIP_1316,4.0,1,0,1,high,weekday,rain,18-21,1
TRIP_1317,11.5,4,0,1,high,weekday,rain,15-18,4
TRIP_1318,12.2,3,1,0,medium,weekday,clear,21-23,0
TRIP_1319,9.1,2,0,1,medium,weekday,rain,15-18,1
TRIP_1320,11.5,4,0,1,high,weekday,clear,07-09,4
TRIP_1321,5.8,2,0,0,low,saturday,clear,21-23,2
TRIP_1322,12.2,3,1,0,low,sunday,clear,21-23,0
TRIP_1323,2.1,1,0,0,low,sunday,clear,12-15,2
TRIP_1324,2.7,1,0,0,low,weekday,rain,12-15,2
TRIP_1325,7.4,2,1,1,medium,weekday,clear,18-21,4
TRIP_1326,3.5,1,0,0,low,weekday,clear,05-07,2
TRIP_1327,6.3,3,1,0,medium,saturday,rain,05-07,0
TRIP_1328,6.7,2,1,1,medium,weekday,clear,07-09,4
TRIP_1329,8.3,3,0,1,high,sunday,clear,15-18,1
TRIP_1330,4.5,2,1,1,high,weekday,clear,07-09,4
TRIP_1331,6.3,2,1,1,high,weekday,rain,18-21,4
TRIP_1332,8.4,3,0,0,high,weekday,rain,12-15,2
TRIP_1333,8.7,3,1,0,high,weekday,clear,09-12,0
TRIP_1334,3.0,1,0,0,low,weekday,rain,09-12,2
TRIP_1335,2.4,1,0,1,low,saturday,clear,15-18,1
TRIP_1336,6.1,2,0,0,high,weekday,clear,12-15,2
TRIP_1337,3.5,1,0,1,high,saturday,clear,15-18,1
TRIP_1338,4.5,2,1,0,medium,weekday,clear,09-12,0
TRIP_1339,5.2,1,0,1,high,weekday,clear,18-21,1
TRIP_1340,5.2,2,0,1,high,weekday,clear,18-21,1
TRIP_1341,9.9,4,1,1,high,weekday,clear,18-21,4
TRIP_1342,6.4,2,1,1,medium,weekday,clear,18-21,4
TRIP_1343,12.7,4,1,1,high,sunday,clear,18-21,4
TRIP_1344,4.0,1,0,0,medium,weekday,clear,05-07,2
TRIP_1345,3.9,2,0,0,medium,saturday,clear,05-07,2
TRIP_1346,8.4,3,0,1,high,sunday,clear,15-18,1
TRIP_1347,6.7,2,1,1,high,weekday,clear,15-18,4
TRIP_1348,6.4,2,1,0,medium,weekday,rain,09-12,0
TRIP_1349,7.3,2,0,0,low,sunday,clear,12-15,2
TRIP_1350,2.4,1,0,0,low,weekday,clear,12-15,2
TRIP_1351,11.5,4,0,0,high,weekday,clear,05-07,0
TRIP_1352,6.3,3,1,1,medium,sunday,heavy_rain,15-18,4
TRIP_1353,5.2,2,1,1,medium,saturday,clear,07-09,4
TRIP_1354,5.2,1,0,0,medium,weekday,clear,09-12,2
TRIP_1355,13.4,3,0,1,medium,saturday,clear,15-18,4
TRIP_1356,12.2,3,1,0,low,weekday,clear,05-07,0
TRIP_1357,3.2,1,0,1,medium,weekday,clear,15-18,1
TRIP_1358,6.0,2,0,0,high,weekday,clear,09-12,2
TRIP_1359,9.1,2,0,1,high,weekday,rain,15-18,1
TRIP_1360,3.0,1,0,0,medium,weekday,clear,21-23,2
TRIP_1361,6.7,2,1,1,high,sunday,clear,07-09,4
TRIP_1362,1.8,1,0,1,medium,weekday,heavy_rain,18-21,1
TRIP_1363,3.1,1,0,1,high,weekday,clear,15-18,1
TRIP_1364,8.5,3,1,1,medium,weekday,clear,15-18,4
TRIP_1365,12.7,4,1,0,low,saturday,clear,05-07,0
TRIP_1366,6.0,2,0,0,medium,weekday,clear,09-12,2
TRIP_1367,9.2,2,1,1,medium,weekday,clear,07-09,4
TRIP_1368,6.7,2,1,0,low,weekday,clear,09-12,0
TRIP_1369,2.4,1,0,1,high,weekday,rain,07-09,1
TRIP_1370,11.9,3,1,0,low,saturday,clear,05-07,0
TRIP_1371,3.5,1,0,0,medium,saturday,rain,12-15,2
TRIP_1372,5.2,2,0,0,medium,weekday,clear,12-15,2
TRIP_1373,7.3,2,0,1,high,weekday,heavy_rain,07-09,1
TRIP_1374,12.7,4,1,0,medium,weekday,clear,09-12,0
TRIP_1375,6.4,2,1,1,high,weekday,clear,07-09,4
TRIP_1376,9.5,3,1,1,high,weekday,clear,15-18,4
TRIP_1377,8.4,3,0,0,medium,saturday,clear,09-12,2
TRIP_1378,9.2,2,1,0,medium,weekday,clear,09-12,0
TRIP_1379,3.2,1,0,0,medium,weekday,clear,05-07,2
TRIP_1380,3.0,1,0,1,medium,weekday,clear,18-21,1
TRIP_1381,4.5,2,1,1,high,saturday,clear,07-09,4
TRIP_1382,6.1,1,0,1,medium,weekday,rain,15-18,1
TRIP_1383,3.9,2,0,1,medium,sunday,rain,18-21,1
TRIP_1384,12.7,4,1,0,high,weekday,rain,09-12,0
TRIP_1385,3.4,1,0,0,high,weekday,clear,12-15,2
TRIP_1386,4.5,2,1,1,medium,weekday,clear,18-21,4
TRIP_1387,21.8,6,1,1,medium,weekday,clear,18-21,3
TRIP_1388,2.7,1,0,0,high,weekday,clear,05-07,2
TRIP_1389,15.8,4,1,1,medium,weekday,clear,07-09,3
TRIP_1390,6.3,2,1,0,low,sunday,rain,09-12,0
TRIP_1391,6.7,3,1,1,high,weekday,clear,15-18,4
TRIP_1392,9.9,4,1,1,medium,weekday,clear,15-18,4
TRIP_1393,11.5,4,0,0,medium,saturday,clear,09-12,0
TRIP_1394,3.2,1,0,1,high,saturday,clear,07-09,1
TRIP_1395,8.4,3,0,0,medium,saturday,rain,05-07,2
TRIP_1396,5.2,1,0,0,medium,weekday,clear,21-23,2
TRIP_1397,5.2,1,0,1,high,weekday,clear,15-18,1
TRIP_1398,11.8,4,1,1,medium,saturday,rain,15-18,4
TRIP_1399,3.5,1,0,1,medium,weekday,heavy_rain,07-09,1
TRIP_1400,2.8,1,0,0,medium,weekday,rain,12-15,2
TRIP_1401,5.2,2,1,1,high,saturday,clear,07-09,4
TRIP_1402,15.8,4,1,1,high,saturday,clear,15-18,3
TRIP_1403,6.7,2,1,1,high,saturday,clear,15-18,4
TRIP_1404,10.3,4,1,1,medium,weekday,clear,15-18,4
TRIP_1405,15.7,5,1,1,medium,sunday,clear,18-21,3
TRIP_1406,9.9,4,1,0,medium,weekday,clear,12-15,0
TRIP_1407,18.6,5,1,1,medium,saturday,clear,18-21,3
TRIP_1408,8.5,3,1,0,medium,saturday,clear,12-15,0
TRIP_1409,15.8,4,1,1,high,sunday,clear,15-18,3
TRIP_1410,18.6,5,1,1,high,weekday,clear,07-09,3
TRIP_1411,9.5,2,1,1,medium,weekday,clear,07-09,4
TRIP_1412,8.5,3,1,0,low,sunday,clear,05-07,0
TRIP_1413,6.7,2,1,0,medium,weekday,clear,12-15,0
TRIP_1414,2.8,1,0,0,medium,weekday,heavy_rain,09-12,2
TRIP_1415,10.3,4,1,0,medium,sunday,heavy_rain,09-12,0
TRIP_1416,4.0,1,0,1,high,sunday,clear,18-21,1
TRIP_1417,3.0,1,0,1,medium,weekday,clear,07-09,1
TRIP_1418,5.5,2,0,1,high,weekday,clear,15-18,1
TRIP_1419,9.2,3,1,1,high,weekday,clear,15-18,4
TRIP_1420,5.2,2,0,1,high,weekday,rain,18-21,1
TRIP_1421,1.8,1,0,0,medium,weekday,clear,12-15,2
TRIP_1422,21.8,6,1,1,high,saturday,clear,07-09,3
TRIP_1423,7.3,2,0,1,high,weekday,clear,18-21,1
TRIP_1424,6.7,3,1,0,low,sunday,clear,09-12,0
TRIP_1425,8.7,3,1,1,medium,weekday,rain,07-09,4
TRIP_1426,11.9,3,1,0,medium,weekday,clear,05-07,0
TRIP_1427,7.9,3,0,1,high,weekday,clear,15-18,1
TRIP_1428,5.8,2,0,1,medium,weekday,clear,07-09,1
TRIP_1429,6.7,2,1,1,medium,weekday,clear,07-09,4
TRIP_1430,6.3,2,1,1,high,weekday,rain,18-21,4
TRIP_1431,6.0,2,0,1,medium,saturday,clear,07-09,1
TRIP_1432,10.3,4,1,1,high,weekday,clear,07-09,4
TRIP_1433,5.5,2,1,1,medium,weekday,clear,15-18,4
TRIP_1434,12.2,3,1,0,medium,sunday,heavy_rain,09-12,0
TRIP_1435,3.0,1,0,0,low,weekday,clear,09-12,2
TRIP_1436,9.2,2,1,1,high,saturday,rain,18-21,4
TRIP_1437,9.5,3,1,1,high,weekday,clear,18-21,4
TRIP_1438,7.9,3,0,0,high,weekday,clear,05-07,2
TRIP_1439,4.5,2,1,1,medium,saturday,rain,07-09,4
TRIP_1440,11.5,4,0,0,high,weekday,rain,09-12,0
TRIP_1441,3.4,1,0,0,medium,weekday,rain,05-07,2
TRIP_1442,4.5,2,1,0,high,saturday,rain,05-07,0
TRIP_1443,2.1,1,0,0,medium,weekday,rain,21-23,2
TRIP_1444,18.6,5,1,0,medium,saturday,clear,09-12,3
TRIP_1445,9.1,2,0,1,high,weekday,clear,07-09,1
TRIP_1446,12.5,4,1,1,medium,weekday,rain,07-09,4
TRIP_1447,8.3,3,0,0,low,weekday,clear,09-12,2
TRIP_1448,18.6,5,1,0,medium,weekday,clear,09-12,3
TRIP_1449,9.2,2,1,1,high,weekday,clear,18-21,4
TRIP_1450,11.9,3,1,0,low,weekday,rain,05-07,0
TRIP_1451,5.2,2,1,0,high,weekday,clear,09-12,0
TRIP_1452,4.3,1,0,0,high,sunday,clear,09-12,2
TRIP_1453,21.8,6,1,0,medium,weekday,clear,05-07,3
TRIP_1454,13.4,3,0,1,high,weekday,rain,15-18,4
TRIP_1455,7.4,2,1,1,high,saturday,heavy_rain,07-09,4
TRIP_1456,6.7,2,1,1,low,weekday,clear,15-18,4
TRIP_1457,9.1,2,0,1,high,weekday,clear,15-18,1
TRIP_1458,6.3,3,1,0,medium,saturday,clear,05-07,0
TRIP_1459,8.5,3,1,1,high,saturday,clear,07-09,4
TRIP_1460,4.5,2,1,1,high,weekday,clear,15-18,4
TRIP_1461,12.5,4,1,1,medium,weekday,rain,07-09,4
TRIP_1462,8.4,3,0,0,medium,weekday,clear,12-15,2
TRIP_1463,6.0,2,0,0,medium,weekday,clear,12-15,2
TRIP_1464,3.9,2,0,0,medium,weekday,rain,09-12,2
TRIP_1465,5.2,1,0,0,low,weekday,clear,21-23,2
TRIP_1466,12.2,3,1,1,medium,saturday,clear,18-21,4
TRIP_1467,3.4,1,0,0,low,sunday,clear,12-15,2
TRIP_1468,6.7,2,1,1,medium,saturday,clear,18-21,4
TRIP_1469,11.9,3,1,0,low,sunday,clear,12-15,0
TRIP_1470,5.5,2,1,0,low,saturday,clear,09-12,0
TRIP_1471,12.2,3,1,1,medium,weekday,clear,07-09,4
TRIP_1472,7.9,3,0,1,low,weekday,clear,07-09,1
TRIP_1473,5.2,2,1,1,medium,saturday,rain,07-09,4
TRIP_1474,11.5,4,0,1,high,weekday,clear,07-09,4
TRIP_1475,5.5,2,1,1,medium,weekday,clear,07-09,4
TRIP_1476,10.3,4,1,1,high,saturday,clear,15-18,4
TRIP_1477,6.7,2,1,1,high,weekday,clear,18-21,4
TRIP_1478,4.3,1,0,1,high,weekday,clear,15-18,1
TRIP_1479,6.0,2,0,0,low,saturday,rain,09-12,2
TRIP_1480,6.7,2,1,0,low,weekday,clear,12-15,0
TRIP_1481,5.5,2,1,0,high,weekday,clear,05-07,0
TRIP_1482,2.1,1,0,1,medium,weekday,clear,15-18,1
TRIP_1483,12.5,4,1,1,high,weekday,rain,07-09,4
TRIP_1484,6.3,2,1,0,high,weekday,clear,09-12,0
TRIP_1485,6.7,2,1,0,high,weekday,heavy_rain,05-07,0
TRIP_1486,8.7,3,1,1,medium,saturday,clear,07-09,4
TRIP_1487,3.4,1,0,0,low,weekday,clear,21-23,2
TRIP_1488,2.8,1,0,0,medium,saturday,heavy_rain,05-07,2
TRIP_1489,6.7,3,1,1,medium,sunday,clear,07-09,4
TRIP_1490,8.5,3,1,0,high,weekday,heavy_rain,12-15,0
TRIP_1491,8.5,3,1,0,low,weekday,clear,09-12,0
TRIP_1492,4.3,1,0,1,high,weekday,clear,07-09,1
TRIP_1493,6.3,2,1,0,medium,weekday,clear,09-12,0
TRIP_1494,2.4,1,0,1,low,weekday,clear,15-18,1
TRIP_1495,4.3,1,0,1,high,weekday,clear,15-18,1
TRIP_1496,9.5,3,1,0,low,weekday,clear,21-23,0
TRIP_1497,9.5,3,1,0,medium,weekday,rain,12-15,0
TRIP_1498,5.8,2,0,1,high,sunday,clear,18-21,1
TRIP_1499,9.9,4,1,1,high,weekday,clear,15-18,4
TRIP_1500,7.3,2,0,1,low,sunday,clear,15-18,1
TRIP_1501,11.8,4,1,0,medium,weekday,clear,05-07,0
TRIP_1502,6.4,2,1,1,high,weekday,clear,18-21,4
TRIP_1503,8.3,3,0,1,high,weekday,clear,07-09,1
TRIP_1504,4.5,2,1,1,medium,weekday,clear,15-18,4
TRIP_1505,3.0,1,0,0,high,weekday,clear,21-23,2
TRIP_1506,6.4,2,1,1,medium,weekday,clear,15-18,4
TRIP_1507,9.5,3,1,0,low,saturday,heavy_rain,05-07,0
TRIP_1508,7.4,2,1,1,medium,sunday,clear,18-21,4
TRIP_1509,6.3,2,1,0,low,sunday,clear,09-12,0
TRIP_1510,4.5,2,1,1,high,weekday,clear,18-21,4
TRIP_1511,12.7,4,1,0,low,weekday,clear,05-07,0
TRIP_1512,8.4,3,0,0,low,weekday,rain,09-12,2
TRIP_1513,4.0,1,0,1,high,weekday,rain,07-09,1
TRIP_1514,9.9,4,1,0,medium,saturday,clear,09-12,0
TRIP_1515,8.1,3,1,0,medium,weekday,clear,09-12,0
TRIP_1516,8.4,3,0,0,medium,weekday,clear,09-12,2
TRIP_1517,6.3,3,1,0,medium,weekday,clear,12-15,0
TRIP_1518,3.4,1,0,1,medium,sunday,clear,07-09,1
TRIP_1519,3.9,2,0,0,low,saturday,rain,05-07,2
TRIP_1520,7.9,3,0,1,low,weekday,clear,07-09,1
TRIP_1521,3.1,1,0,1,medium,weekday,clear,18-21,1
TRIP_1522,6.7,2,1,1,high,weekday,clear,15-18,4
TRIP_1523,5.5,2,1,0,low,saturday,clear,12-15,0
TRIP_1524,15.7,5,1,0,medium,weekday,clear,09-12,3
TRIP_1525,13.4,3,0,0,high,weekday,clear,05-07,0
TRIP_1526,11.0,3,1,1,low,saturday,clear,15-18,4
TRIP_1527,6.4,2,1,1,high,weekday,clear,15-18,4
TRIP_1528,13.4,3,0,0,low,weekday,clear,09-12,0
TRIP_1529,2.4,1,0,0,high,weekday,clear,09-12,2
TRIP_1530,3.5,1,0,0,low,sunday,clear,09-12,2
TRIP_1531,5.5,2,0,1,medium,sunday,heavy_rain,18-21,1
TRIP_1532,4.5,2,1,0,medium,weekday,clear,12-15,0
TRIP_1533,5.2,1,0,0,low,weekday,clear,09-12,2
TRIP_1534,4.9,2,1,0,high,weekday,clear,21-23,0
TRIP_1535,2.4,1,0,1,medium,sunday,clear,18-21,1
TRIP_1536,8.1,3,1,0,medium,weekday,clear,05-07,0
TRIP_1537,4.5,2,1,1,high,sunday,clear,07-09,4
TRIP_1538,6.3,3,1,1,medium,weekday,clear,07-09,4
TRIP_1539,6.1,1,0,0,high,weekday,clear,21-23,2
TRIP_1540,18.6,5,1,1,medium,weekday,clear,18-21,3
TRIP_1541,4.5,2,1,1,medium,weekday,clear,07-09,4
TRIP_1542,11.8,4,1,0,high,weekday,clear,05-07,0
TRIP_1543,11.0,3,1,1,high,weekday,rain,15-18,4
TRIP_1544,7.4,2,1,0,high,weekday,clear,12-15,0
TRIP_1545,6.1,2,0,0,medium,saturday,clear,12-15,2
TRIP_1546,18.6,5,1,1,medium,saturday,clear,18-21,3
TRIP_1547,15.7,5,1,0,high,saturday,clear,09-12,3
TRIP_1548,2.1,1,0,1,high,weekday,clear,07-09,1
TRIP_1549,3.1,1,0,1,low,weekday,clear,15-18,1
TRIP_1550,3.0,1,0,1,medium,weekday,clear,15-18,1
TRIP_1551,4.0,1,0,1,low,weekday,clear,15-18,1
TRIP_1552,6.7,3,1,1,high,weekday,clear,07-09,4
TRIP_1553,3.0,1,0,0,low,weekday,clear,12-15,2
TRIP_1554,4.3,1,0,0,medium,weekday,clear,05-07,2
TRIP_1555,4.0,1,0,1,high,weekday,clear,07-09,1
TRIP_1556,9.5,2,1,0,medium,weekday,clear,05-07,0
TRIP_1557,2.7,1,0,1,high,sunday,rain,07-09,1
TRIP_1558,8.4,3,0,0,low,sunday,clear,12-15,2
TRIP_1559,7.4,2,1,1,high,weekday,clear,07-09,4
TRIP_1560,2.4,1,0,0,medium,saturday,clear,12-15,2
TRIP_1561,7.4,2,1,0,low,saturday,clear,05-07,0
TRIP_1562,8.3,3,0,1,high,weekday,clear,07-09,1
TRIP_1563,6.3,2,1,0,medium,weekday,clear,05-07,0
TRIP_1564,1.8,1,0,1,medium,weekday,clear,15-18,1
TRIP_1565,6.7,3,1,0,low,weekday,clear,21-23,0
TRIP_1566,4.3,1,0,1,high,sunday,clear,18-21,1
TRIP_1567,8.5,3,1,0,medium,weekday,clear,05-07,0
TRIP_1568,3.4,1,0,0,medium,weekday,rain,05-07,2
TRIP_1569,15.8,4,1,1,low,weekday,clear,18-21,3
TRIP_1570,7.9,3,0,1,high,sunday,clear,15-18,1
TRIP_1571,6.3,3,1,1,high,sunday,clear,15-18,4
TRIP_1572,9.9,4,1,1,high,saturday,clear,07-09,4
TRIP_1573,8.4,3,0,1,medium,sunday,clear,18-21,1
TRIP_1574,7.9,3,0,0,medium,weekday,clear,09-12,2
TRIP_1575,2.1,1,0,0,medium,sunday,rain,05-07,2
TRIP_1576,21.8,6,1,0,medium,sunday,clear,09-12,3
TRIP_1577,7.3,2,0,0,medium,saturday,rain,09-12,2
TRIP_1578,8.7,2,0,1,high,weekday,clear,18-21,1
TRIP_1579,8.4,3,0,0,medium,saturday,clear,09-12,2
TRIP_1580,8.4,3,0,0,medium,weekday,clear,21-23,2
TRIP_1581,2.1,1,0,1,medium,weekday,clear,18-21,1
TRIP_1582,21.8,6,1,1,high,sunday,rain,15-18,3
TRIP_1583,3.4,1,0,1,high,weekday,heavy_rain,18-21,1
TRIP_1584,4.9,2,1,1,medium,sunday,clear,07-09,4
TRIP_1585,3.5,1,0,0,high,saturday,clear,12-15,2
TRIP_1586,3.5,1,0,1,medium,weekday,clear,18-21,1
TRIP_1587,2.1,1,0,1,high,weekday,clear,15-18,1
TRIP_1588,9.5,2,1,1,high,saturday,rain,18-21,4
TRIP_1589,2.4,1,0,1,medium,weekday,clear,18-21,1
TRIP_1590,7.3,2,0,0,medium,weekday,clear,09-12,2
TRIP_1591,12.5,4,1,0,low,saturday,rain,21-23,0
TRIP_1592,18.6,5,1,1,medium,weekday,clear,07-09,3
TRIP_1593,4.5,2,1,0,medium,sunday,clear,12-15,0
TRIP_1594,9.2,3,1,1,high,saturday,clear,18-21,4
TRIP_1595,11.0,3,1,0,medium,weekday,rain,21-23,0
TRIP_1596,7.9,3,0,0,high,weekday,clear,12-15,2
TRIP_1597,6.7,2,1,1,medium,weekday,clear,07-09,4
TRIP_1598,9.1,2,0,1,high,weekday,rain,15-18,1
TRIP_1599,9.5,2,1,0,medium,weekday,clear,09-12,0
TRIP_1600,12.2,3,1,0,high,weekday,clear,05-07,0
TRIP_1601,3.2,1,0,1,high,weekday,rain,15-18,1
TRIP_1602,8.7,3,1,0,medium,weekday,clear,12-15,0
TRIP_1603,4.0,1,0,1,high,sunday,clear,15-18,1
TRIP_1604,7.3,2,0,1,medium,weekday,clear,07-09,1
TRIP_1605,15.8,4,1,1,high,weekday,clear,18-21,3
TRIP_1606,9.2,2,1,1,medium,saturday,clear,15-18,4
TRIP_1607,15.8,4,1,0,medium,saturday,clear,05-07,3
TRIP_1608,3.5,1,0,0,low,sunday,rain,12-15,2
TRIP_1609,4.5,2,1,1,high,weekday,heavy_rain,07-09,4
TRIP_1610,3.2,1,0,1,high,weekday,rain,18-21,1
TRIP_1611,3.2,1,0,1,high,weekday,clear,07-09,1
TRIP_1612,3.2,1,0,0,medium,weekday,clear,05-07,2
TRIP_1613,5.5,2,0,1,high,weekday,clear,18-21,1
TRIP_1614,6.7,2,1,1,medium,weekday,clear,15-18,4
TRIP_1615,9.5,3,1,1,medium,weekday,clear,07-09,4
TRIP_1616,3.0,1,0,1,medium,weekday,clear,15-18,1
TRIP_1617,13.4,3,0,1,high,weekday,clear,15-18,4
TRIP_1618,15.7,5,1,1,high,weekday,clear,18-21,3
TRIP_1619,11.5,4,0,0,medium,weekday,clear,09-12,0
TRIP_1620,2.4,1,0,1,medium,saturday,clear,15-18,1
TRIP_1621,2.4,1,0,0,medium,weekday,clear,05-07,2
TRIP_1622,9.1,2,0,1,high,weekday,clear,18-21,1
TRIP_1623,6.0,2,0,1,high,weekday,clear,15-18,1
TRIP_1624,4.5,2,1,1,low,weekday,clear,18-21,4
TRIP_1625,6.0,2,0,0,high,sunday,clear,12-15,2
TRIP_1626,4.5,2,1,1,medium,weekday,clear,07-09,4
TRIP_1627,12.7,4,1,1,high,weekday,clear,15-18,4
TRIP_1628,6.3,2,1,1,high,weekday,rain,15-18,4
TRIP_1629,11.0,3,1,1,medium,weekday,clear,15-18,4
TRIP_1630,11.9,3,1,1,high,weekday,rain,18-21,4
TRIP_1631,5.8,2,0,0,medium,weekday,clear,09-12,2
TRIP_1632,9.5,3,1,0,high,sunday,clear,12-15,0
TRIP_1633,9.5,2,1,0,medium,weekday,rain,09-12,0
TRIP_1634,15.7,5,1,1,high,sunday,clear,18-21,3
TRIP_1635,2.4,1,0,1,medium,sunday,clear,15-18,1
TRIP_1636,15.8,4,1,0,high,weekday,clear,09-12,3
TRIP_1637,4.5,2,1,0,medium,weekday,clear,09-12,0
TRIP_1638,21.8,6,1,1,high,weekday,clear,07-09,3
TRIP_1639,5.2,2,0,1,high,weekday,clear,18-21,1
TRIP_1640,4.5,2,1,1,high,weekday,clear,15-18,4
TRIP_1641,9.5,2,1,0,low,sunday,rain,21-23,0
TRIP_1642,8.4,3,0,1,medium,weekday,clear,18-21,1
TRIP_1643,15.8,4,1,1,medium,weekday,clear,07-09,3
TRIP_1644,11.0,3,1,0,medium,saturday,rain,05-07,0
TRIP_1645,6.7,2,1,0,high,weekday,clear,21-23,0
TRIP_1646,12.2,3,1,1,high,weekday,heavy_rain,18-21,4
TRIP_1647,15.7,5,1,1,high,weekday,rain,18-21,3
TRIP_1648,10.3,4,1,1,medium,weekday,clear,18-21,4
TRIP_1649,9.5,3,1,1,medium,weekday,clear,18-21,4
TRIP_1650,2.8,1,0,0,medium,weekday,rain,09-12,2
TRIP_1651,10.3,4,1,1,high,sunday,rain,07-09,4
TRIP_1652,3.1,1,0,1,high,weekday,rain,07-09,1
TRIP_1653,6.7,2,1,0,medium,saturday,heavy_rain,09-12,0
TRIP_1654,5.2,2,1,1,medium,weekday,clear,07-09,4
TRIP_1655,9.1,2,0,1,medium,weekday,clear,15-18,1
TRIP_1656,18.6,5,1,1,high,weekday,clear,18-21,3
TRIP_1657,5.8,2,0,0,low,weekday,clear,09-12,2
TRIP_1658,10.3,4,1,0,medium,weekday,clear,09-12,0
TRIP_1659,12.5,4,1,0,medium,saturday,heavy_rain,05-07,0
TRIP_1660,6.0,2,0,1,medium,saturday,clear,07-09,1
TRIP_1661,11.5,4,0,1,high,sunday,rain,18-21,4
TRIP_1662,8.7,3,1,0,medium,saturday,clear,05-07,0
TRIP_1663,8.7,3,1,1,medium,weekday,clear,15-18,4
TRIP_1664,11.0,3,1,1,medium,weekday,rain,18-21,4
TRIP_1665,2.1,1,0,1,high,saturday,rain,07-09,1
TRIP_1666,8.1,3,1,1,high,saturday,clear,15-18,4
TRIP_1667,1.8,1,0,0,medium,weekday,clear,12-15,2
TRIP_1668,5.8,2,0,0,low,weekday,rain,12-15,2
TRIP_1669,6.7,2,1,1,medium,weekday,clear,07-09,4
TRIP_1670,5.2,1,0,0,low,weekday,clear,12-15,2
TRIP_1671,15.8,4,1,1,medium,saturday,clear,07-09,3
TRIP_1672,8.3,3,0,1,high,weekday,clear,18-21,1
TRIP_1673,11.5,4,0,1,high,weekday,clear,18-21,4
TRIP_1674,18.6,5,1,0,low,weekday,clear,05-07,3
TRIP_1675,5.2,2,0,1,high,saturday,clear,15-18,1
TRIP_1676,8.1,3,1,1,high,weekday,clear,15-18,4
TRIP_1677,9.2,2,1,1,medium,weekday,clear,07-09,4
TRIP_1678,6.1,1,0,1,low,weekday,clear,07-09,1
TRIP_1679,9.2,2,1,1,high,weekday,clear,07-09,4
TRIP_1680,8.4,3,0,0,low,weekday,clear,12-15,2
TRIP_1681,8.4,3,0,0,low,weekday,clear,21-23,2
TRIP_1682,3.5,1,0,0,medium,weekday,clear,09-12,2
TRIP_1683,3.5,1,0,0,high,sunday,heavy_rain,09-12,2
TRIP_1684,2.8,1,0,1,high,weekday,clear,07-09,1
TRIP_1685,6.4,2,1,1,high,sunday,clear,15-18,4
TRIP_1686,9.1,2,0,0,high,saturday,clear,12-15,2
TRIP_1687,2.1,1,0,0,low,weekday,clear,12-15,2
TRIP_1688,3.9,2,0,1,medium,weekday,clear,15-18,1
TRIP_1689,6.3,3,1,1,high,sunday,clear,07-09,4
TRIP_1690,2.7,1,0,0,medium,weekday,clear,21-23,2
TRIP_1691,2.8,1,0,1,medium,weekday,clear,07-09,1
TRIP_1692,7.3,2,0,0,low,saturday,rain,12-15,2
TRIP_1693,4.3,1,0,0,medium,weekday,clear,05-07,2
TRIP_1694,9.9,4,1,1,high,sunday,clear,07-09,4
TRIP_1695,7.3,2,0,1,high,sunday,rain,07-09,1
TRIP_1696,6.7,2,1,0,low,weekday,clear,21-23,0
TRIP_1697,8.3,3,0,0,low,weekday,clear,09-12,2
TRIP_1698,13.4,3,0,1,medium,weekday,clear,07-09,4
TRIP_1699,4.5,2,1,1,high,weekday,clear,15-18,4
TRIP_1700,9.2,3,1,1,medium,sunday,clear,15-18,4
TRIP_1701,4.0,1,0,0,low,saturday,clear,09-12,2
TRIP_1702,5.5,2,0,0,medium,saturday,heavy_rain,12-15,2
TRIP_1703,9.1,2,0,1,high,sunday,clear,15-18,1
TRIP_1704,11.0,3,1,1,low,saturday,clear,18-21,4
TRIP_1705,18.6,5,1,1,high,saturday,clear,18-21,3
TRIP_1706,15.7,5,1,1,medium,saturday,clear,18-21,3
TRIP_1707,6.7,2,1,1,high,weekday,clear,15-18,4
TRIP_1708,3.1,1,0,0,medium,sunday,clear,09-12,2
TRIP_1709,2.1,1,0,0,low,sunday,clear,05-07,2
TRIP_1710,11.9,3,1,1,medium,sunday,clear,15-18,4
TRIP_1711,4.5,2,1,0,low,weekday,clear,05-07,0
TRIP_1712,2.7,1,0,1,high,sunday,rain,15-18,1
TRIP_1713,8.3,3,0,0,high,weekday,heavy_rain,12-15,2
TRIP_1714,11.9,3,1,0,low,weekday,clear,05-07,0
TRIP_1715,2.7,1,0,0,low,sunday,clear,12-15,2
TRIP_1716,12.7,4,1,1,high,weekday,clear,18-21,4
TRIP_1717,1.8,1,0,0,low,weekday,clear,21-23,2
TRIP_1718,8.7,3,1,0,low,sunday,clear,09-12,0
TRIP_1719,11.9,3,1,1,medium,weekday,rain,18-21,4
TRIP_1720,1.8,1,0,0,low,weekday,clear,12-15,2
TRIP_1721,3.2,1,0,1,high,weekday,rain,07-09,1
TRIP_1722,7.9,3,0,1,high,weekday,clear,18-21,1
TRIP_1723,8.5,3,1,1,high,weekday,rain,07-09,4
TRIP_1724,4.3,1,0,1,high,weekday,heavy_rain,07-09,1
TRIP_1725,6.3,3,1,1,medium,weekday,clear,07-09,4
TRIP_1726,12.5,4,1,0,high,saturday,clear,21-23,0
TRIP_1727,9.5,2,1,1,high,weekday,clear,07-09,4
TRIP_1728,1.8,1,0,1,high,weekday,heavy_rain,18-21,1
TRIP_1729,4.3,1,0,0,high,weekday,clear,09-12,2
TRIP_1730,6.1,1,0,0,low,weekday,clear,12-15,2
TRIP_1731,4.3,1,0,0,low,weekday,clear,21-23,2
TRIP_1732,11.5,4,0,0,low,weekday,clear,05-07,0
TRIP_1733,3.2,1,0,0,medium,weekday,clear,09-12,2
TRIP_1734,6.4,2,1,1,high,weekday,rain,15-18,4
TRIP_1735,4.3,1,0,1,high,weekday,clear,15-18,1
TRIP_1736,3.5,1,0,1,high,weekday,clear,15-18,1
TRIP_1737,6.1,2,0,0,medium,weekday,clear,09-12,2
TRIP_1738,12.2,3,1,1,high,weekday,clear,18-21,4
TRIP_1739,2.4,1,0,0,medium,weekday,clear,12-15,2
TRIP_1740,7.4,2,1,0,medium,weekday,clear,09-12,0
TRIP_1741,11.0,3,1,0,low,sunday,clear,09-12,0
TRIP_1742,12.5,4,1,1,high,weekday,clear,07-09,4
TRIP_1743,11.0,3,1,0,high,weekday,rain,09-12,0
TRIP_1744,6.3,3,1,0,low,weekday,clear,12-15,0
TRIP_1745,6.7,2,1,0,medium,weekday,rain,09-12,0
TRIP_1746,2.7,1,0,1,high,weekday,clear,15-18,1
TRIP_1747,18.6,5,1,1,low,weekday,clear,15-18,3
TRIP_1748,11.9,3,1,1,high,sunday,clear,18-21,4
TRIP_1749,3.0,1,0,0,low,weekday,clear,12-15,2
TRIP_1750,3.5,1,0,1,high,saturday,clear,15-18,1
TRIP_1751,4.3,1,0,1,high,saturday,rain,18-21,1
TRIP_1752,2.8,1,0,0,medium,weekday,heavy_rain,09-12,2
TRIP_1753,3.9,2,0,0,high,weekday,rain,09-12,2
TRIP_1754,8.7,3,1,1,high,weekday,clear,15-18,4
TRIP_1755,4.3,1,0,0,low,weekday,clear,12-15,2
TRIP_1756,9.1,2,0,1,medium,weekday,clear,15-18,1
TRIP_1757,15.8,4,1,1,low,weekday,clear,07-09,3
TRIP_1758,8.7,3,1,0,low,sunday,clear,05-07,0
TRIP_1759,8.5,3,1,0,low,weekday,rain,09-12,0
TRIP_1760,12.7,4,1,1,high,weekday,clear,07-09,4
TRIP_1761,8.3,3,0,1,high,weekday,clear,15-18,1
TRIP_1762,18.6,5,1,0,low,saturday,clear,12-15,3
TRIP_1763,3.0,1,0,0,medium,sunday,clear,21-23,2
TRIP_1764,5.5,2,1,0,medium,weekday,rain,09-12,0
TRIP_1765,8.5,3,1,0,low,weekday,clear,12-15,0
TRIP_1766,11.9,3,1,0,low,weekday,clear,12-15,0
TRIP_1767,9.5,2,1,0,high,weekday,rain,05-07,0
TRIP_1768,4.0,1,0,0,medium,weekday,rain,12-15,2
TRIP_1769,11.5,4,0,0,low,weekday,rain,09-12,0
TRIP_1770,4.9,2,1,0,high,weekday,clear,12-15,0
TRIP_1771,11.8,4,1,1,medium,weekday,clear,15-18,4
TRIP_1772,15.8,4,1,0,medium,saturday,clear,05-07,3
TRIP_1773,3.2,1,0,0,medium,weekday,rain,12-15,2
TRIP_1774,8.1,3,1,0,medium,weekday,clear,21-23,0
TRIP_1775,5.5,2,1,1,medium,weekday,clear,15-18,4
TRIP_1776,3.5,1,0,0,medium,weekday,clear,21-23,2
TRIP_1777,4.3,1,0,0,medium,saturday,rain,12-15,2
TRIP_1778,4.3,1,0,1,high,sunday,clear,18-21,1
TRIP_1779,9.5,2,1,0,medium,sunday,rain,09-12,0
TRIP_1780,2.1,1,0,1,high,weekday,clear,15-18,1
TRIP_1781,4.3,1,0,1,high,weekday,rain,15-18,1
TRIP_1782,6.4,2,1,0,low,saturday,clear,12-15,0
TRIP_1783,4.3,1,0,1,high,weekday,clear,07-09,1
TRIP_1784,9.2,2,1,0,medium,weekday,rain,21-23,0
TRIP_1785,8.3,3,0,1,medium,saturday,clear,07-09,1
TRIP_1786,6.3,2,1,1,high,weekday,clear,15-18,4
TRIP_1787,2.1,1,0,1,medium,weekday,clear,18-21,1
TRIP_1788,3.2,1,0,1,medium,weekday,clear,18-21,1
TRIP_1789,15.7,5,1,0,low,weekday,clear,09-12,3
TRIP_1790,9.2,2,1,1,medium,weekday,clear,18-21,4
TRIP_1791,4.5,2,1,0,low,weekday,clear,12-15,0
TRIP_1792,3.4,1,0,1,high,weekday,rain,07-09,1
TRIP_1793,8.1,3,1,0,high,weekday,clear,09-12,0
TRIP_1794,9.2,3,1,0,low,weekday,clear,09-12,0
TRIP_1795,15.8,4,1,0,low,sunday,clear,12-15,3
TRIP_1796,8.5,3,1,0,medium,weekday,rain,09-12,0
TRIP_1797,6.7,2,1,0,medium,sunday,clear,05-07,0
TRIP_1798,11.8,4,1,0,low,saturday,clear,12-15,0
TRIP_1799,3.0,1,0,0,medium,weekday,rain,09-12,2
TRIP_1800,3.2,1,0,1,medium,saturday,clear,15-18,1
